<?xml version="1.0" encoding="UTF-8"?>
<conversion>
  <applied-converters>
    <converter id="android-module-to-java-module" />
    <converter id="android-proguard-options" />
    <converter id="android-sdk-library" />
    <converter id="groovy-modules-to-facets" />
    <converter id="groovy-script-run-configurations" />
    <converter id="junit-to-android-junit-configurations" />
    <converter id="kotlin-non-jvm-source-roots" />
  </applied-converters>
  <project-files>
    <file path="C:\dev\SysNat\IntelliJ\_SysNat\..\..\sources\sysnat.natural.language.executable.examples\sysnat.natural.language.executable.examples.iml" timestamp="1563364332833" />
    <file path="C:\dev\SysNat\IntelliJ\_SysNat\..\..\sources\sysnat.quality.assurance\sysnat.quality.assurance.iml" timestamp="1563364332927" />
    <file path="C:\dev\SysNat\IntelliJ\_SysNat\..\..\sources\sysnat.test.execution\sysnat.test.execution.iml" timestamp="1563364332786" />
    <file path="C:\dev\SysNat\IntelliJ\_SysNat\..\..\sources\sysnat.test.runtime.environment\sysnat.test.runtime.environment.iml" timestamp="1563364332802" />
    <file path="C:\dev\SysNat\IntelliJ\_SysNat\..\..\sources\sysnat.testcase.generation\sysnat.testcase.generation.iml" timestamp="1563364332864" />
    <file path="C:\dev\SysNat\IntelliJ\_SysNat\..\..\sources\sysnat.testdata.import\sysnat.testdata.import.iml" timestamp="1563364332739" />
    <file path="C:\dev\SysNat\IntelliJ\_SysNat\..\..\sources\sysnat.testresult.archiving\sysnat.testresult.archiving.iml" timestamp="1563364332849" />
    <file path="C:\dev\SysNat\IntelliJ\_SysNat\.idea\compiler.xml" timestamp="1563364332958" />
    <file path="C:\dev\SysNat\IntelliJ\_SysNat\.idea\libraries\Maven__com_google_code_findbugs_jsr305_1_3_9.xml" timestamp="1563287957738" />
    <file path="C:\dev\SysNat\IntelliJ\_SysNat\.idea\libraries\Maven__com_google_code_gson_gson_2_8_4.xml" timestamp="1563287957754" />
    <file path="C:\dev\SysNat\IntelliJ\_SysNat\.idea\libraries\Maven__com_google_errorprone_error_prone_annotations_2_1_3.xml" timestamp="1563287957769" />
    <file path="C:\dev\SysNat\IntelliJ\_SysNat\.idea\libraries\Maven__com_google_guava_guava_25_0_jre.xml" timestamp="1563287957785" />
    <file path="C:\dev\SysNat\IntelliJ\_SysNat\.idea\libraries\Maven__com_google_j2objc_j2objc_annotations_1_1.xml" timestamp="1563287957800" />
    <file path="C:\dev\SysNat\IntelliJ\_SysNat\.idea\libraries\Maven__com_itextpdf_itextpdf_5_0_6.xml" timestamp="1563287929009" />
    <file path="C:\dev\SysNat\IntelliJ\_SysNat\.idea\libraries\Maven__com_squareup_okhttp3_okhttp_3_10_0.xml" timestamp="1563287957894" />
    <file path="C:\dev\SysNat\IntelliJ\_SysNat\.idea\libraries\Maven__com_squareup_okio_okio_1_14_1.xml" timestamp="1563287957910" />
    <file path="C:\dev\SysNat\IntelliJ\_SysNat\.idea\libraries\Maven__com_testautomationguru_pdfutil_pdf_util_0_0_2.xml" timestamp="1563287929025" />
    <file path="C:\dev\SysNat\IntelliJ\_SysNat\.idea\libraries\Maven__commons_codec_commons_codec_1_10.xml" timestamp="1563287957925" />
    <file path="C:\dev\SysNat\IntelliJ\_SysNat\.idea\libraries\Maven__commons_codec_commons_codec_1_5.xml" timestamp="1563288031684" />
    <file path="C:\dev\SysNat\IntelliJ\_SysNat\.idea\libraries\Maven__commons_io_commons_io_2_5.xml" timestamp="1563287929040" />
    <file path="C:\dev\SysNat\IntelliJ\_SysNat\.idea\libraries\Maven__commons_logging_commons_logging_1_2.xml" timestamp="1563287929056" />
    <file path="C:\dev\SysNat\IntelliJ\_SysNat\.idea\libraries\Maven__dom4j_dom4j_1_6_1.xml" timestamp="1563287957941" />
    <file path="C:\dev\SysNat\IntelliJ\_SysNat\.idea\libraries\Maven__joda_time_joda_time_2_9_9.xml" timestamp="1563287957956" />
    <file path="C:\dev\SysNat\IntelliJ\_SysNat\.idea\libraries\Maven__junit_junit_4_12.xml" timestamp="1563287929056" />
    <file path="C:\dev\SysNat\IntelliJ\_SysNat\.idea\libraries\Maven__net_bytebuddy_byte_buddy_1_8_3.xml" timestamp="1563287957972" />
    <file path="C:\dev\SysNat\IntelliJ\_SysNat\.idea\libraries\Maven__net_java_dev_jna_jna_4_1_0.xml" timestamp="1563287957988" />
    <file path="C:\dev\SysNat\IntelliJ\_SysNat\.idea\libraries\Maven__org_apache_commons_commons_exec_1_3.xml" timestamp="1563287958003" />
    <file path="C:\dev\SysNat\IntelliJ\_SysNat\.idea\libraries\Maven__org_apache_httpcomponents_httpclient_4_5_5.xml" timestamp="1563287958019" />
    <file path="C:\dev\SysNat\IntelliJ\_SysNat\.idea\libraries\Maven__org_apache_httpcomponents_httpcore_4_4_9.xml" timestamp="1563287958034" />
    <file path="C:\dev\SysNat\IntelliJ\_SysNat\.idea\libraries\Maven__org_apache_maven_shared_maven_invoker_3_0_1.xml" timestamp="1563287958066" />
    <file path="C:\dev\SysNat\IntelliJ\_SysNat\.idea\libraries\Maven__org_apache_maven_shared_maven_shared_utils_3_2_1.xml" timestamp="1563287958081" />
    <file path="C:\dev\SysNat\IntelliJ\_SysNat\.idea\libraries\Maven__org_apache_pdfbox_fontbox_2_0_6.xml" timestamp="1563287929087" />
    <file path="C:\dev\SysNat\IntelliJ\_SysNat\.idea\libraries\Maven__org_apache_pdfbox_pdfbox_2_0_6.xml" timestamp="1563287929103" />
    <file path="C:\dev\SysNat\IntelliJ\_SysNat\.idea\libraries\Maven__org_apache_pdfbox_pdfbox_debugger_2_0_6.xml" timestamp="1563287929103" />
    <file path="C:\dev\SysNat\IntelliJ\_SysNat\.idea\libraries\Maven__org_apache_pdfbox_pdfbox_tools_2_0_6.xml" timestamp="1563287929118" />
    <file path="C:\dev\SysNat\IntelliJ\_SysNat\.idea\libraries\Maven__org_apache_poi_poi_3_10_FINAL.xml" timestamp="1563287958097" />
    <file path="C:\dev\SysNat\IntelliJ\_SysNat\.idea\libraries\Maven__org_apache_poi_poi_ooxml_3_10_FINAL.xml" timestamp="1563287958112" />
    <file path="C:\dev\SysNat\IntelliJ\_SysNat\.idea\libraries\Maven__org_apache_poi_poi_ooxml_schemas_3_10_FINAL.xml" timestamp="1563287958128" />
    <file path="C:\dev\SysNat\IntelliJ\_SysNat\.idea\libraries\Maven__org_apache_xmlbeans_xmlbeans_2_3_0.xml" timestamp="1563287958144" />
    <file path="C:\dev\SysNat\IntelliJ\_SysNat\.idea\libraries\Maven__org_bouncycastle_bcmail_jdk14_1_38.xml" timestamp="1563287929134" />
    <file path="C:\dev\SysNat\IntelliJ\_SysNat\.idea\libraries\Maven__org_bouncycastle_bcprov_jdk14_1_38.xml" timestamp="1563287929150" />
    <file path="C:\dev\SysNat\IntelliJ\_SysNat\.idea\libraries\Maven__org_bouncycastle_bctsp_jdk14_1_38.xml" timestamp="1563287929165" />
    <file path="C:\dev\SysNat\IntelliJ\_SysNat\.idea\libraries\Maven__org_checkerframework_checker_compat_qual_2_0_0.xml" timestamp="1563287958159" />
    <file path="C:\dev\SysNat\IntelliJ\_SysNat\.idea\libraries\Maven__org_codehaus_mojo_animal_sniffer_annotations_1_14.xml" timestamp="1563287958175" />
    <file path="C:\dev\SysNat\IntelliJ\_SysNat\.idea\libraries\Maven__org_codehaus_plexus_plexus_component_annotations_1_7_1.xml" timestamp="1563287958190" />
    <file path="C:\dev\SysNat\IntelliJ\_SysNat\.idea\libraries\Maven__org_hamcrest_hamcrest_core_1_3.xml" timestamp="1563287929181" />
    <file path="C:\dev\SysNat\IntelliJ\_SysNat\.idea\libraries\Maven__org_seleniumhq_selenium_selenium_api_3_13_0.xml" timestamp="1563287958206" />
    <file path="C:\dev\SysNat\IntelliJ\_SysNat\.idea\libraries\Maven__org_seleniumhq_selenium_selenium_chrome_driver_3_13_0.xml" timestamp="1563287958222" />
    <file path="C:\dev\SysNat\IntelliJ\_SysNat\.idea\libraries\Maven__org_seleniumhq_selenium_selenium_edge_driver_3_13_0.xml" timestamp="1563287958253" />
    <file path="C:\dev\SysNat\IntelliJ\_SysNat\.idea\libraries\Maven__org_seleniumhq_selenium_selenium_firefox_driver_3_13_0.xml" timestamp="1563287958268" />
    <file path="C:\dev\SysNat\IntelliJ\_SysNat\.idea\libraries\Maven__org_seleniumhq_selenium_selenium_ie_driver_3_13_0.xml" timestamp="1563287958284" />
    <file path="C:\dev\SysNat\IntelliJ\_SysNat\.idea\libraries\Maven__org_seleniumhq_selenium_selenium_java_3_13_0.xml" timestamp="1563287958284" />
    <file path="C:\dev\SysNat\IntelliJ\_SysNat\.idea\libraries\Maven__org_seleniumhq_selenium_selenium_opera_driver_3_13_0.xml" timestamp="1563287958315" />
    <file path="C:\dev\SysNat\IntelliJ\_SysNat\.idea\libraries\Maven__org_seleniumhq_selenium_selenium_remote_driver_3_13_0.xml" timestamp="1563287958331" />
    <file path="C:\dev\SysNat\IntelliJ\_SysNat\.idea\libraries\Maven__org_seleniumhq_selenium_selenium_safari_driver_3_13_0.xml" timestamp="1563287958346" />
    <file path="C:\dev\SysNat\IntelliJ\_SysNat\.idea\libraries\Maven__org_seleniumhq_selenium_selenium_support_3_13_0.xml" timestamp="1563287958362" />
    <file path="C:\dev\SysNat\IntelliJ\_SysNat\.idea\libraries\Maven__stax_stax_api_1_0_1.xml" timestamp="1563287958378" />
    <file path="C:\dev\SysNat\IntelliJ\_SysNat\.idea\libraries\Maven__xml_apis_xml_apis_1_0_b2.xml" timestamp="1563287958393" />
    <file path="C:\dev\SysNat\IntelliJ\_SysNat\.idea\misc.xml" timestamp="1563364332958" />
    <file path="C:\dev\SysNat\IntelliJ\_SysNat\.idea\modules.xml" timestamp="1563364332973" />
    <file path="C:\dev\SysNat\IntelliJ\_SysNat\.idea\workspace.xml" timestamp="1563364499430" />
  </project-files>
</conversion>

