<?xml version="1.0" encoding="UTF-8"?>
<conversion>
  <applied-converters>
    <converter id="android-module-to-java-module" />
    <converter id="android-proguard-options" />
    <converter id="android-sdk-library" />
    <converter id="groovy-modules-to-facets" />
    <converter id="groovy-script-run-configurations" />
    <converter id="junit-to-android-junit-configurations" />
    <converter id="kotlin-non-jvm-source-roots" />
  </applied-converters>
  <project-files>
    <file path="D:\CucumberTests\IntelliJ\_project\.idea\compiler.xml" timestamp="1543576441329" />
    <file path="D:\CucumberTests\IntelliJ\_project\.idea\encodings.xml" timestamp="1543575637626" />
    <file path="D:\CucumberTests\IntelliJ\_project\.idea\libraries\Maven__com_google_code_findbugs_jsr305_1_3_9.xml" timestamp="1546596023705" />
    <file path="D:\CucumberTests\IntelliJ\_project\.idea\libraries\Maven__com_google_code_gson_gson_2_8_4.xml" timestamp="1543576264325" />
    <file path="D:\CucumberTests\IntelliJ\_project\.idea\libraries\Maven__com_google_errorprone_error_prone_annotations_2_1_3.xml" timestamp="1543576264340" />
    <file path="D:\CucumberTests\IntelliJ\_project\.idea\libraries\Maven__com_google_guava_guava_25_0_jre.xml" timestamp="1543576264371" />
    <file path="D:\CucumberTests\IntelliJ\_project\.idea\libraries\Maven__com_google_j2objc_j2objc_annotations_1_1.xml" timestamp="1543576264387" />
    <file path="D:\CucumberTests\IntelliJ\_project\.idea\libraries\Maven__com_itextpdf_itextpdf_5_0_6.xml" timestamp="1543576264403" />
    <file path="D:\CucumberTests\IntelliJ\_project\.idea\libraries\Maven__com_squareup_okhttp3_okhttp_3_10_0.xml" timestamp="1543576264418" />
    <file path="D:\CucumberTests\IntelliJ\_project\.idea\libraries\Maven__com_squareup_okio_okio_1_14_1.xml" timestamp="1543576264434" />
    <file path="D:\CucumberTests\IntelliJ\_project\.idea\libraries\Maven__com_testautomationguru_pdfutil_pdf_util_0_0_2.xml" timestamp="1543576264449" />
    <file path="D:\CucumberTests\IntelliJ\_project\.idea\libraries\Maven__commons_codec_commons_codec_1_10.xml" timestamp="1543576264465" />
    <file path="D:\CucumberTests\IntelliJ\_project\.idea\libraries\Maven__commons_codec_commons_codec_1_5.xml" timestamp="1543576264496" />
    <file path="D:\CucumberTests\IntelliJ\_project\.idea\libraries\Maven__commons_io_commons_io_2_5.xml" timestamp="1543576264512" />
    <file path="D:\CucumberTests\IntelliJ\_project\.idea\libraries\Maven__commons_logging_commons_logging_1_2.xml" timestamp="1543576264527" />
    <file path="D:\CucumberTests\IntelliJ\_project\.idea\libraries\Maven__dom4j_dom4j_1_6_1.xml" timestamp="1543576264543" />
    <file path="D:\CucumberTests\IntelliJ\_project\.idea\libraries\Maven__info_cukes_cucumber_core_1_2_5.xml" timestamp="1543576441360" />
    <file path="D:\CucumberTests\IntelliJ\_project\.idea\libraries\Maven__info_cukes_cucumber_html_0_2_6.xml" timestamp="1543576441376" />
    <file path="D:\CucumberTests\IntelliJ\_project\.idea\libraries\Maven__info_cukes_cucumber_java8_1_2_5.xml" timestamp="1543576441391" />
    <file path="D:\CucumberTests\IntelliJ\_project\.idea\libraries\Maven__info_cukes_cucumber_java_1_2_5.xml" timestamp="1543576441407" />
    <file path="D:\CucumberTests\IntelliJ\_project\.idea\libraries\Maven__info_cukes_cucumber_junit_1_2_5.xml" timestamp="1543576441423" />
    <file path="D:\CucumberTests\IntelliJ\_project\.idea\libraries\Maven__info_cukes_cucumber_jvm_deps_1_0_5.xml" timestamp="1543576441423" />
    <file path="D:\CucumberTests\IntelliJ\_project\.idea\libraries\Maven__info_cukes_gherkin_2_12_2.xml" timestamp="1543576441454" />
    <file path="D:\CucumberTests\IntelliJ\_project\.idea\libraries\Maven__joda_time_joda_time_2_9_9.xml" timestamp="1543576264574" />
    <file path="D:\CucumberTests\IntelliJ\_project\.idea\libraries\Maven__junit_junit_4_12.xml" timestamp="1543576264590" />
    <file path="D:\CucumberTests\IntelliJ\_project\.idea\libraries\Maven__net_bytebuddy_byte_buddy_1_8_3.xml" timestamp="1543576264605" />
    <file path="D:\CucumberTests\IntelliJ\_project\.idea\libraries\Maven__net_java_dev_jna_jna_4_1_0.xml" timestamp="1543576264621" />
    <file path="D:\CucumberTests\IntelliJ\_project\.idea\libraries\Maven__org_apache_commons_commons_exec_1_3.xml" timestamp="1543576264637" />
    <file path="D:\CucumberTests\IntelliJ\_project\.idea\libraries\Maven__org_apache_httpcomponents_httpclient_4_5_5.xml" timestamp="1543576264652" />
    <file path="D:\CucumberTests\IntelliJ\_project\.idea\libraries\Maven__org_apache_httpcomponents_httpcore_4_4_9.xml" timestamp="1543576264683" />
    <file path="D:\CucumberTests\IntelliJ\_project\.idea\libraries\Maven__org_apache_pdfbox_fontbox_2_0_6.xml" timestamp="1543576264699" />
    <file path="D:\CucumberTests\IntelliJ\_project\.idea\libraries\Maven__org_apache_pdfbox_pdfbox_2_0_6.xml" timestamp="1543576264715" />
    <file path="D:\CucumberTests\IntelliJ\_project\.idea\libraries\Maven__org_apache_pdfbox_pdfbox_debugger_2_0_6.xml" timestamp="1543576264730" />
    <file path="D:\CucumberTests\IntelliJ\_project\.idea\libraries\Maven__org_apache_pdfbox_pdfbox_tools_2_0_6.xml" timestamp="1543576264746" />
    <file path="D:\CucumberTests\IntelliJ\_project\.idea\libraries\Maven__org_apache_poi_poi_3_10_FINAL.xml" timestamp="1543576264777" />
    <file path="D:\CucumberTests\IntelliJ\_project\.idea\libraries\Maven__org_apache_poi_poi_ooxml_3_10_FINAL.xml" timestamp="1543576264793" />
    <file path="D:\CucumberTests\IntelliJ\_project\.idea\libraries\Maven__org_apache_poi_poi_ooxml_schemas_3_10_FINAL.xml" timestamp="1543576264808" />
    <file path="D:\CucumberTests\IntelliJ\_project\.idea\libraries\Maven__org_apache_xmlbeans_xmlbeans_2_3_0.xml" timestamp="1543576264824" />
    <file path="D:\CucumberTests\IntelliJ\_project\.idea\libraries\Maven__org_bouncycastle_bcmail_jdk14_1_38.xml" timestamp="1543576264839" />
    <file path="D:\CucumberTests\IntelliJ\_project\.idea\libraries\Maven__org_bouncycastle_bcprov_jdk14_1_38.xml" timestamp="1543576264855" />
    <file path="D:\CucumberTests\IntelliJ\_project\.idea\libraries\Maven__org_bouncycastle_bctsp_jdk14_1_38.xml" timestamp="1543576264871" />
    <file path="D:\CucumberTests\IntelliJ\_project\.idea\libraries\Maven__org_checkerframework_checker_compat_qual_2_0_0.xml" timestamp="1543576264886" />
    <file path="D:\CucumberTests\IntelliJ\_project\.idea\libraries\Maven__org_codehaus_mojo_animal_sniffer_annotations_1_14.xml" timestamp="1543576264902" />
    <file path="D:\CucumberTests\IntelliJ\_project\.idea\libraries\Maven__org_hamcrest_hamcrest_core_1_3.xml" timestamp="1543576264933" />
    <file path="D:\CucumberTests\IntelliJ\_project\.idea\libraries\Maven__org_seleniumhq_selenium_selenium_api_3_13_0.xml" timestamp="1543576264949" />
    <file path="D:\CucumberTests\IntelliJ\_project\.idea\libraries\Maven__org_seleniumhq_selenium_selenium_chrome_driver_3_13_0.xml" timestamp="1543576264964" />
    <file path="D:\CucumberTests\IntelliJ\_project\.idea\libraries\Maven__org_seleniumhq_selenium_selenium_edge_driver_3_13_0.xml" timestamp="1543576264980" />
    <file path="D:\CucumberTests\IntelliJ\_project\.idea\libraries\Maven__org_seleniumhq_selenium_selenium_firefox_driver_3_13_0.xml" timestamp="1543576264995" />
    <file path="D:\CucumberTests\IntelliJ\_project\.idea\libraries\Maven__org_seleniumhq_selenium_selenium_ie_driver_3_13_0.xml" timestamp="1543576265011" />
    <file path="D:\CucumberTests\IntelliJ\_project\.idea\libraries\Maven__org_seleniumhq_selenium_selenium_java_3_13_0.xml" timestamp="1543576265042" />
    <file path="D:\CucumberTests\IntelliJ\_project\.idea\libraries\Maven__org_seleniumhq_selenium_selenium_opera_driver_3_13_0.xml" timestamp="1543576265058" />
    <file path="D:\CucumberTests\IntelliJ\_project\.idea\libraries\Maven__org_seleniumhq_selenium_selenium_remote_driver_3_13_0.xml" timestamp="1543576265073" />
    <file path="D:\CucumberTests\IntelliJ\_project\.idea\libraries\Maven__org_seleniumhq_selenium_selenium_safari_driver_3_13_0.xml" timestamp="1543576265089" />
    <file path="D:\CucumberTests\IntelliJ\_project\.idea\libraries\Maven__org_seleniumhq_selenium_selenium_support_3_13_0.xml" timestamp="1543576265104" />
    <file path="D:\CucumberTests\IntelliJ\_project\.idea\libraries\Maven__stax_stax_api_1_0_1.xml" timestamp="1543576265136" />
    <file path="D:\CucumberTests\IntelliJ\_project\.idea\libraries\Maven__xml_apis_xml_apis_1_0_b2.xml" timestamp="1543576265167" />
    <file path="D:\CucumberTests\IntelliJ\_project\.idea\misc.xml" timestamp="1543579303776" />
    <file path="D:\CucumberTests\IntelliJ\_project\.idea\modules.xml" timestamp="1543576264278" />
    <file path="D:\CucumberTests\IntelliJ\_project\.idea\uiDesigner.xml" timestamp="1544177049808" />
    <file path="D:\CucumberTests\IntelliJ\_project\.idea\workspace.xml" timestamp="1548250478055" />
    <file path="D:\CucumberTests\workspace\sysnat.common\sysnat.common.iml" timestamp="1548250478024" />
    <file path="D:\CucumberTests\workspace\sysnat.parent\sysnat.parent.iml" timestamp="1546596023674" />
    <file path="D:\CucumberTests\workspace\sysnat.test.runtime.environment\sysnat.test.runtime.environment.iml" timestamp="1546596023658" />
    <file path="D:\CucumberTests\workspace\sysnat.testdata.import\sysnat.testdata.import.iml" timestamp="1548250478039" />
    <file path="D:\CucumberTests\workspace\sysnat.testresult.archiving\sysnat.testresult.archiving.iml" timestamp="1548250478008" />
    <file path="D:\CucumberTests\workspace\talanx.cucumber.prototype\icf.cucumber.prototype.iml" timestamp="1546596023658" />
  </project-files>
</conversion>

