<?xml version="1.0" encoding="UTF-8"?>
<conversion>
  <applied-converters>
    <converter id="android-module-to-java-module" />
    <converter id="android-proguard-options" />
    <converter id="android-sdk-library" />
    <converter id="groovy-modules-to-facets" />
    <converter id="groovy-script-run-configurations" />
    <converter id="junit-to-android-junit-configurations" />
    <converter id="kotlin-non-jvm-source-roots" />
  </applied-converters>
  <project-files>
    <file path="C:\dev\SysNat\IntelliJ\bin\..\_SysNat\.idea\compiler.xml" timestamp="1561710184945" />
    <file path="C:\dev\SysNat\IntelliJ\bin\..\_SysNat\.idea\encodings.xml" timestamp="1561710088461" />
    <file path="C:\dev\SysNat\IntelliJ\bin\..\_SysNat\.idea\libraries\Maven__com_google_code_findbugs_jsr305_1_3_9.xml" timestamp="1561710479451" />
    <file path="C:\dev\SysNat\IntelliJ\bin\..\_SysNat\.idea\libraries\Maven__com_google_code_gson_gson_2_8_4.xml" timestamp="1561710479467" />
    <file path="C:\dev\SysNat\IntelliJ\bin\..\_SysNat\.idea\libraries\Maven__com_google_errorprone_error_prone_annotations_2_1_3.xml" timestamp="1561710479467" />
    <file path="C:\dev\SysNat\IntelliJ\bin\..\_SysNat\.idea\libraries\Maven__com_google_guava_guava_25_0_jre.xml" timestamp="1561710479467" />
    <file path="C:\dev\SysNat\IntelliJ\bin\..\_SysNat\.idea\libraries\Maven__com_google_j2objc_j2objc_annotations_1_1.xml" timestamp="1561710479482" />
    <file path="C:\dev\SysNat\IntelliJ\bin\..\_SysNat\.idea\libraries\Maven__com_itextpdf_itextpdf_5_0_6.xml" timestamp="1561710479482" />
    <file path="C:\dev\SysNat\IntelliJ\bin\..\_SysNat\.idea\libraries\Maven__com_squareup_okhttp3_okhttp_3_10_0.xml" timestamp="1561710479482" />
    <file path="C:\dev\SysNat\IntelliJ\bin\..\_SysNat\.idea\libraries\Maven__com_squareup_okio_okio_1_14_1.xml" timestamp="1561710479498" />
    <file path="C:\dev\SysNat\IntelliJ\bin\..\_SysNat\.idea\libraries\Maven__com_testautomationguru_pdfutil_pdf_util_0_0_2.xml" timestamp="1561710479498" />
    <file path="C:\dev\SysNat\IntelliJ\bin\..\_SysNat\.idea\libraries\Maven__commons_codec_commons_codec_1_10.xml" timestamp="1561710479513" />
    <file path="C:\dev\SysNat\IntelliJ\bin\..\_SysNat\.idea\libraries\Maven__commons_codec_commons_codec_1_5.xml" timestamp="1561710479513" />
    <file path="C:\dev\SysNat\IntelliJ\bin\..\_SysNat\.idea\libraries\Maven__commons_io_commons_io_2_5.xml" timestamp="1561710479513" />
    <file path="C:\dev\SysNat\IntelliJ\bin\..\_SysNat\.idea\libraries\Maven__commons_logging_commons_logging_1_2.xml" timestamp="1561710479529" />
    <file path="C:\dev\SysNat\IntelliJ\bin\..\_SysNat\.idea\libraries\Maven__dom4j_dom4j_1_6_1.xml" timestamp="1561710479529" />
    <file path="C:\dev\SysNat\IntelliJ\bin\..\_SysNat\.idea\libraries\Maven__joda_time_joda_time_2_9_9.xml" timestamp="1561710479529" />
    <file path="C:\dev\SysNat\IntelliJ\bin\..\_SysNat\.idea\libraries\Maven__junit_junit_4_12.xml" timestamp="1561710479545" />
    <file path="C:\dev\SysNat\IntelliJ\bin\..\_SysNat\.idea\libraries\Maven__net_bytebuddy_byte_buddy_1_8_3.xml" timestamp="1561710479545" />
    <file path="C:\dev\SysNat\IntelliJ\bin\..\_SysNat\.idea\libraries\Maven__net_java_dev_jna_jna_4_1_0.xml" timestamp="1561710479545" />
    <file path="C:\dev\SysNat\IntelliJ\bin\..\_SysNat\.idea\libraries\Maven__org_apache_commons_commons_exec_1_3.xml" timestamp="1561710479560" />
    <file path="C:\dev\SysNat\IntelliJ\bin\..\_SysNat\.idea\libraries\Maven__org_apache_httpcomponents_httpclient_4_5_5.xml" timestamp="1561710479560" />
    <file path="C:\dev\SysNat\IntelliJ\bin\..\_SysNat\.idea\libraries\Maven__org_apache_httpcomponents_httpcore_4_4_9.xml" timestamp="1561710479560" />
    <file path="C:\dev\SysNat\IntelliJ\bin\..\_SysNat\.idea\libraries\Maven__org_apache_maven_shared_maven_invoker_3_0_1.xml" timestamp="1561710479576" />
    <file path="C:\dev\SysNat\IntelliJ\bin\..\_SysNat\.idea\libraries\Maven__org_apache_maven_shared_maven_shared_utils_3_2_1.xml" timestamp="1561710479576" />
    <file path="C:\dev\SysNat\IntelliJ\bin\..\_SysNat\.idea\libraries\Maven__org_apache_pdfbox_fontbox_2_0_6.xml" timestamp="1561710479576" />
    <file path="C:\dev\SysNat\IntelliJ\bin\..\_SysNat\.idea\libraries\Maven__org_apache_pdfbox_pdfbox_2_0_6.xml" timestamp="1561710479592" />
    <file path="C:\dev\SysNat\IntelliJ\bin\..\_SysNat\.idea\libraries\Maven__org_apache_pdfbox_pdfbox_debugger_2_0_6.xml" timestamp="1561710479592" />
    <file path="C:\dev\SysNat\IntelliJ\bin\..\_SysNat\.idea\libraries\Maven__org_apache_pdfbox_pdfbox_tools_2_0_6.xml" timestamp="1561710479607" />
    <file path="C:\dev\SysNat\IntelliJ\bin\..\_SysNat\.idea\libraries\Maven__org_apache_poi_poi_3_10_FINAL.xml" timestamp="1561710479607" />
    <file path="C:\dev\SysNat\IntelliJ\bin\..\_SysNat\.idea\libraries\Maven__org_apache_poi_poi_ooxml_3_10_FINAL.xml" timestamp="1561710479607" />
    <file path="C:\dev\SysNat\IntelliJ\bin\..\_SysNat\.idea\libraries\Maven__org_apache_poi_poi_ooxml_schemas_3_10_FINAL.xml" timestamp="1561710479607" />
    <file path="C:\dev\SysNat\IntelliJ\bin\..\_SysNat\.idea\libraries\Maven__org_apache_xmlbeans_xmlbeans_2_3_0.xml" timestamp="1561710479623" />
    <file path="C:\dev\SysNat\IntelliJ\bin\..\_SysNat\.idea\libraries\Maven__org_bouncycastle_bcmail_jdk14_1_38.xml" timestamp="1561710479623" />
    <file path="C:\dev\SysNat\IntelliJ\bin\..\_SysNat\.idea\libraries\Maven__org_bouncycastle_bcprov_jdk14_1_38.xml" timestamp="1561710479623" />
    <file path="C:\dev\SysNat\IntelliJ\bin\..\_SysNat\.idea\libraries\Maven__org_bouncycastle_bctsp_jdk14_1_38.xml" timestamp="1561710479623" />
    <file path="C:\dev\SysNat\IntelliJ\bin\..\_SysNat\.idea\libraries\Maven__org_checkerframework_checker_compat_qual_2_0_0.xml" timestamp="1561710479638" />
    <file path="C:\dev\SysNat\IntelliJ\bin\..\_SysNat\.idea\libraries\Maven__org_codehaus_mojo_animal_sniffer_annotations_1_14.xml" timestamp="1561710479638" />
    <file path="C:\dev\SysNat\IntelliJ\bin\..\_SysNat\.idea\libraries\Maven__org_codehaus_plexus_plexus_component_annotations_1_7_1.xml" timestamp="1561710479638" />
    <file path="C:\dev\SysNat\IntelliJ\bin\..\_SysNat\.idea\libraries\Maven__org_hamcrest_hamcrest_core_1_3.xml" timestamp="1561710479638" />
    <file path="C:\dev\SysNat\IntelliJ\bin\..\_SysNat\.idea\libraries\Maven__org_seleniumhq_selenium_selenium_api_3_13_0.xml" timestamp="1561710479654" />
    <file path="C:\dev\SysNat\IntelliJ\bin\..\_SysNat\.idea\libraries\Maven__org_seleniumhq_selenium_selenium_chrome_driver_3_13_0.xml" timestamp="1561710479654" />
    <file path="C:\dev\SysNat\IntelliJ\bin\..\_SysNat\.idea\libraries\Maven__org_seleniumhq_selenium_selenium_edge_driver_3_13_0.xml" timestamp="1561710479654" />
    <file path="C:\dev\SysNat\IntelliJ\bin\..\_SysNat\.idea\libraries\Maven__org_seleniumhq_selenium_selenium_firefox_driver_3_13_0.xml" timestamp="1561710479654" />
    <file path="C:\dev\SysNat\IntelliJ\bin\..\_SysNat\.idea\libraries\Maven__org_seleniumhq_selenium_selenium_ie_driver_3_13_0.xml" timestamp="1561710479670" />
    <file path="C:\dev\SysNat\IntelliJ\bin\..\_SysNat\.idea\libraries\Maven__org_seleniumhq_selenium_selenium_java_3_13_0.xml" timestamp="1561710479670" />
    <file path="C:\dev\SysNat\IntelliJ\bin\..\_SysNat\.idea\libraries\Maven__org_seleniumhq_selenium_selenium_opera_driver_3_13_0.xml" timestamp="1561710479670" />
    <file path="C:\dev\SysNat\IntelliJ\bin\..\_SysNat\.idea\libraries\Maven__org_seleniumhq_selenium_selenium_remote_driver_3_13_0.xml" timestamp="1561710479685" />
    <file path="C:\dev\SysNat\IntelliJ\bin\..\_SysNat\.idea\libraries\Maven__org_seleniumhq_selenium_selenium_safari_driver_3_13_0.xml" timestamp="1561710479685" />
    <file path="C:\dev\SysNat\IntelliJ\bin\..\_SysNat\.idea\libraries\Maven__org_seleniumhq_selenium_selenium_support_3_13_0.xml" timestamp="1561710479685" />
    <file path="C:\dev\SysNat\IntelliJ\bin\..\_SysNat\.idea\libraries\Maven__stax_stax_api_1_0_1.xml" timestamp="1561710479701" />
    <file path="C:\dev\SysNat\IntelliJ\bin\..\_SysNat\.idea\libraries\Maven__xml_apis_xml_apis_1_0_b2.xml" timestamp="1561710479701" />
    <file path="C:\dev\SysNat\IntelliJ\bin\..\_SysNat\.idea\misc.xml" timestamp="1561710088430" />
    <file path="C:\dev\SysNat\IntelliJ\bin\..\_SysNat\.idea\modules.xml" timestamp="1561710088477" />
    <file path="C:\dev\SysNat\IntelliJ\bin\..\_SysNat\.idea\workspace.xml" timestamp="1562825660176" />
  </project-files>
</conversion>

