<filetype binary="false" description="Cucumber-SysNat-Testdaten" name="Cucumber-SysNat-Testdaten">
  <highlighting>
    <options>
      <option name="LINE_COMMENT" value="#" />
      <option name="COMMENT_START" value="" />
      <option name="COMMENT_END" value="" />
      <option name="HEX_PREFIX" value="" />
      <option name="NUM_POSTFIXES" value="" />
    </options>
    <keywords keywords="Eingabe-Daten;Ergebnis-Daten;Kontext-Daten" ignore_case="false" />
  </highlighting>
  <extensionMap>
    <mapping ext="dat" />
  </extensionMap>
</filetype>