<application>
  <component name="DimensionService">
    <location key="com.intellij.ide.util.TipDialog.0.0.1920.1080@120dpi" x="594" y="300" />
    <location key="SettingsEditor.0.0.1920.1080@120dpi" x="329" y="0" />
    <location key="FileChooserDialogImpl.0.0.1920.1080@120dpi" x="704" y="213" />
    <location key="#Scopes.0.0.1920.1080@120dpi" x="451" y="93" />
    <location key="#com.intellij.ide.ui.customization.CustomizableActionsPanel.FindAvailableActionsDialog.0.0.1920.1080@120dpi" x="774" y="174" />
    <location key="com.intellij.ide.ui.customization.CustomizableActionsPanel$EditIconDialog.0.0.1920.1080@120dpi" x="836" y="448" />
    <location key="#Menus_and_Toolbars.0.0.1920.1080@120dpi" x="451" y="93" />
    <location key="NewModule_or_Project.wizard.0.0.1920.1080@120dpi" x="539" y="96" />
    <location key="#com.intellij.execution.impl.EditConfigurationsDialog.0.0.1920.1080@120dpi" x="409" y="163" />
    <location key="#com.intellij.execution.impl.EditConfigurationsDialog.1920.0.1920.1080@120dpi" x="2329" y="187" />
    <location key="#com.intellij.tools.ToolEditorDialog.0.0.1920.1080@120dpi" x="680" y="255" />
    <size key="#com.intellij.execution.impl.EditConfigurationsDialog.0.0.1920.1080@120dpi" width="1102" height="806" />
    <size key="GridCell.Tab.0.left.0.0.1920.1080@120dpi" width="1891" height="268" />
    <size key="GridCell.Tab.0.center.0.0.1920.1080@120dpi" width="1891" height="268" />
    <size key="GridCell.Tab.0.right.0.0.1920.1080@120dpi" width="1891" height="268" />
    <size key="GridCell.Tab.0.bottom.0.0.1920.1080@120dpi" width="1891" height="268" />
    <size key="GridCell.Tab.0.left.1920.0.1920.1080@120dpi" width="1891" height="268" />
    <size key="GridCell.Tab.0.center.1920.0.1920.1080@120dpi" width="1891" height="268" />
    <size key="GridCell.Tab.0.right.1920.0.1920.1080@120dpi" width="1891" height="268" />
    <size key="GridCell.Tab.0.bottom.1920.0.1920.1080@120dpi" width="1891" height="268" />
    <size key="#com.intellij.execution.impl.EditConfigurationsDialog.1920.0.1920.1080@120dpi" width="1197" height="705" />
    <size key="#com.intellij.tools.ToolEditorDialog.0.0.1920.1080@120dpi" width="559" height="378" />
  </component>
</application>