<application>
  <component name="NotRoamableUiSettings">
    <option name="fontScale" value="1.25" />
    <option name="fontSize" value="15" />
  </component>
  <component name="PropertiesComponent">
    <property name="CUSTOMIZE_ACTIONS" value="Select Run&#10;Select" />
    <property name="ExpandBeforeRunStepsPanel" value="true" />
    <property name="ExpandRunDashboardTypesPanel" value="false" />
    <property name="JUnitSupport.hidePassedTests" value="false" />
    <property name="ProjectStructure.SecondLevelElements" value="0.3602941" />
    <property name="SettingsSearchHistory" value="ignored&#10;external" />
    <property name="build.toolwindow.run.selection.state" value="consoleView" />
    <property name="defaultJdkConfigured" value="true" />
    <property name="file.chooser.recent.files" value="C:/dev/SysNat&#10;C:/dev/SysNat/sources/sysnat.natural.language.executable.examples/src/main/resources/batfiles&#10;C:/dev/SysNat/sources/sysnat.natural.language.executable.examples/src/main/resources/batfiles/deleteAllPdfFilesInDownloadDir.bat&#10;C:/dev/SysNat/sources/sysnat.parent&#10;C:/dev/SysNat/sources/sysnat.testresult.archiving/pom.xml&#10;C:/dev/SysNat/sources/sysnat.testdata.import/pom.xml&#10;C:/dev/SysNat/sources/sysnat.testcase.generation/pom.xml&#10;C:/dev/SysNat/sources/sysnat.test.runtime.environment/pom.xml&#10;C:/dev/SysNat/sources/sysnat.test.execution/pom.xml&#10;C:/dev/SysNat/sources/sysnat.quality.assurance/pom.xml&#10;C:/dev/SysNat/sources/sysnat.natural.language.executable.examples/pom.xml&#10;C:/dev/SysNat/sources/sysnat.common/pom.xml&#10;C:/dev/SysNat/IntelliJ/_SysNat/icons/LastEditLocationIcon.png&#10;C:/dev/SysNat/java" />
    <property name="file.gist.reindex.count" value="666" />
    <property name="installed.kotlin.plugin.version" value="1.3.21-release-IJ2019.1-3" />
    <property name="last.imported.location" value="C:/dev/SysNat/sources/sysnat.parent/pom.xml" />
    <property name="lastTip" value="1" />
    <property name="tasks.pass.word.conversion.enforced" value="true" />
  </component>
</application>