<application>
  <component name="RecentProjectsManager">
    <option name="recentPaths">
      <list>
        <option value="$APPLICATION_HOME_DIR$/_SysNat" />
      </list>
    </option>
    <option name="openPaths">
      <list>
        <option value="$APPLICATION_HOME_DIR$/_SysNat" />
      </list>
    </option>
    <option name="lastPath" value="$APPLICATION_HOME_DIR$/_SysNat" />
    <option name="pid" value="" />
    <option name="additionalInfo">
      <map>
        <entry key="$APPLICATION_HOME_DIR$/_SysNat">
          <value>
            <RecentProjectMetaInfo>
              <option name="build" value="IC-191.7479.19" />
              <option name="productionCode" value="IC" />
              <option name="binFolder" value="$APPLICATION_HOME_DIR$/bin" />
              <option name="projectOpenTimestamp" value="1563372512906" />
              <option name="buildTimestamp" value="1559024607193" />
            </RecentProjectMetaInfo>
          </value>
        </entry>
      </map>
    </option>
  </component>
</application>