<application>
  <component name="DependencyUISettings">
    <option name="UI_FLATTEN_PACKAGES" value="false" />
    <option name="UI_SHOW_MODULES" value="false" />
    <option name="UI_SHOW_MODULE_GROUPS" value="false" />
    <option name="UI_GROUP_BY_SCOPE_TYPE" value="false" />
    <option name="UI_COMPACT_EMPTY_MIDDLE_PACKAGES" value="false" />
    <option name="SCOPE_TYPE" value="file" />
  </component>
  <component name="UISettings">
    <option name="SHOW_MAIN_TOOLBAR" value="true" />
    <option name="SHOW_NAVIGATION_BAR" value="false" />
    <option name="SHOW_STATUS_BAR" value="false" />
  </component>
</application>