<application>
  <component name="DimensionService">
    <location key="new project wizard.0.0.2560.1440@120dpi" x="908" y="111" />
    <location key="WELCOME_SCREEN.0.0.2560.1440@120dpi" x="1280" y="558" />
    <location key="com.intellij.ide.util.TipDialog.0.0.2560.1440@120dpi" x="916" y="481" />
    <location key="SettingsEditor.0.0.2560.1440@120dpi" x="555" y="257" />
    <location key="FileChooserDialogImpl.0.0.2560.1440@120dpi" x="471" y="119" />
    <location key="NewModule_or_Project.wizard.0.0.2560.1440@120dpi" x="901" y="445" />
    <location key="#com.intellij.execution.impl.EditConfigurationsDialog.0.0.2560.1440@120dpi" x="498" y="325" />
    <location key="find.popup.0.0.2560.1440@120dpi" x="390" y="131" />
    <location key="search.everywhere.popup.0.0.2560.1440@120dpi" x="859" y="307" />
    <location key="#Menus_and_Toolbars.0.0.2560.1440@120dpi" x="1049" y="375" />
    <location key="#com.intellij.ide.ui.customization.CustomizableActionsPanel.FindAvailableActionsDialog.0.0.2560.1440@120dpi" x="1099" y="368" />
    <location key="#xdebugger.evaluate.0.0.2560.1440@120dpi" x="951" y="734" />
    <location key="com.intellij.xdebugger.impl.breakpoints.ui.BreakpointsDialogFactory$2.0.0.2560.1440@120dpi" x="756" y="598" />
    <location key="#com.intellij.codeInsight.editorActions.RestoreReferencesDialog.0.0.2560.1440@120dpi" x="948" y="398" />
    <location key="refactoring.ChangeSignatureDialog.0.0.2560.1440@120dpi" x="963" y="258" />
    <location key="run.anything.popup.0.0.2560.1440@120dpi" x="855" y="319" />
    <location key="extract.method.dialog.0.0.2560.1440@120dpi" x="890" y="721" />
    <location key="#com.intellij.ide.macro.MacrosDialog.0.0.2560.1440@120dpi" x="672" y="384" />
    <location key="#com.intellij.tools.ToolEditorDialog.0.0.2560.1440@120dpi" x="681" y="564" />
    <location key="com.intellij.ide.ui.customization.CustomizableActionsPanel$EditIconDialog.0.0.2560.1440@120dpi" x="1245" y="632" />
    <location key="#Scopes.0.0.2560.1440@120dpi" x="792" y="219" />
    <location key="#Project_Structure.0.0.2560.1440@120dpi" x="636" y="172" />
    <location key="#com.intellij.refactoring.move.moveClassesOrPackages.MoveClassesOrPackagesDialog.classes.0.0.2560.1440@120dpi" x="746" y="550" />
    <location key="#com.intellij.refactoring.rename.AutomaticRenamingDialog.0.0.2560.1440@120dpi" x="942" y="0" />
    <location key="#com.intellij.refactoring.safeDelete.UnsafeUsagesDialog.0.0.2560.1440@120dpi" x="948" y="389" />
    <location key="#com.intellij.ide.util.MemberChooser.0.0.2560.1440@120dpi" x="1042" y="342" />
    <location key="CommitChangelistDialog2.0.0.2560.1440@120dpi" x="806" y="232" />
    <location key="RollbackChangesDialog.0.0.2560.1440@120dpi" x="980" y="348" />
    <location key="Vcs.Push.Dialog.0.0.2560.1440@120dpi" x="908" y="296" />
    <location key="Registry.0.0.2560.1440@120dpi" x="806" y="294" />
    <location key="DiffContextDialog.0.0.2560.1440@120dpi" x="504" y="154" />
    <location key="git4idea.merge.GitPullDialog.0.0.2560.1440@120dpi" x="947" y="463" />
    <location key="#com.intellij.fileTypes.FileTypeChooser.0.0.2560.1440@120dpi" x="945" y="496" />
    <location key="WELCOME_SCREEN.0.0.1920.1080@144dpi" x="959" y="455" />
    <location key="#com.intellij.execution.impl.EditConfigurationsDialog.0.0.1920.1080@144dpi" x="144" y="0" />
    <location key="FileChooserDialogImpl.0.0.1920.1080@144dpi" x="632" y="146" />
    <location key="SettingsEditor.0.0.1920.1080@144dpi" x="182" y="0" />
    <location key="#Scopes.0.0.1920.1080@144dpi" x="650" y="236" />
    <location key="NewModule_or_Project.wizard.0.0.1920.1080@144dpi" x="432" y="63" />
    <location key="#com.intellij.ide.util.TreeClassChooserDialog.0.0.1920.1080@144dpi" x="557" y="198" />
    <location key="#Start_SysNatTesting.0.0.1920.1080@144dpi" x="554" y="32" />
    <location key="search.everywhere.popup.0.0.1920.1080@144dpi" x="455" y="2" />
    <location key="find.popup.0.0.1920.1080@144dpi" x="525" y="65" />
    <location key="#xdebugger.evaluate.0.0.1920.1080@144dpi" x="749" y="135" />
    <location key="com.intellij.xdebugger.impl.breakpoints.ui.BreakpointsDialogFactory$2.0.0.1920.1080@144dpi" x="255" y="110" />
    <location key="run.anything.popup.0.0.1920.1080@144dpi" x="444" y="218" />
    <location key="#com.intellij.ide.macro.MacrosDialog.0.0.1920.1080@144dpi" x="620" y="72" />
    <location key="#com.intellij.tools.ToolEditorDialog.0.0.1920.1080@144dpi" x="611" y="282" />
    <location key="#com.intellij.fileTypes.FileTypeChooser.0.0.1920.1080@144dpi" x="626" y="225" />
    <location key="#com.intellij.ide.ui.customization.CustomizableActionsPanel.FindAvailableActionsDialog.0.0.1920.1080@144dpi" x="707" y="98" />
    <location key="#Menus_and_Toolbars.0.0.1920.1080@144dpi" x="668" y="107" />
    <location key="com.intellij.ide.ui.customization.CustomizableActionsPanel$EditIconDialog.0.0.1920.1080@144dpi" x="782" y="428" />
    <location key="#com.intellij.codeInsight.editorActions.RestoreReferencesDialog.0.0.1920.1080@144dpi" x="557" y="147" />
    <size key="GridCell.Tab.0.left.0.0.2560.1440@120dpi" width="2508" height="456" />
    <size key="GridCell.Tab.0.center.0.0.2560.1440@120dpi" width="2508" height="456" />
    <size key="GridCell.Tab.0.right.0.0.2560.1440@120dpi" width="2508" height="456" />
    <size key="GridCell.Tab.0.bottom.0.0.2560.1440@120dpi" width="2508" height="456" />
    <size key="find.popup.0.0.2560.1440@120dpi" width="794" height="881" />
    <size key="search.everywhere.popup.0.0.2560.1440@120dpi" width="840" height="1034" />
    <size key="GridCell.Tab.1.left.0.0.2560.1440@120dpi" width="2508" height="456" />
    <size key="GridCell.Tab.1.center.0.0.2560.1440@120dpi" width="2508" height="456" />
    <size key="GridCell.Tab.1.right.0.0.2560.1440@120dpi" width="2508" height="456" />
    <size key="GridCell.Tab.1.bottom.0.0.2560.1440@120dpi" width="2508" height="456" />
    <size key="#com.intellij.execution.impl.EditConfigurationsDialog.0.0.2560.1440@120dpi" width="1377" height="830" />
    <size key="DebuggerActiveHint.0.0.2560.1440@120dpi" width="1375" height="560" />
    <size key="#xdebugger.evaluate.0.0.2560.1440@120dpi" width="768" height="519" />
    <size key="#Menus_and_Toolbars.0.0.2560.1440@120dpi" width="631" height="637" />
    <size key="GridCell.Tab.0.left.0.0.1920.1080@120dpi" width="1868" height="209" />
    <size key="GridCell.Tab.0.center.0.0.1920.1080@120dpi" width="1868" height="209" />
    <size key="GridCell.Tab.0.right.0.0.1920.1080@120dpi" width="1868" height="209" />
    <size key="GridCell.Tab.0.bottom.0.0.1920.1080@120dpi" width="1868" height="209" />
    <size key="#Scopes.0.0.2560.1440@120dpi" width="1377" height="777" />
    <size key="SettingsEditor.0.0.2560.1440@120dpi" width="1167" height="861" />
    <size key="#com.intellij.refactoring.move.moveClassesOrPackages.MoveClassesOrPackagesDialog.classes.0.0.2560.1440@120dpi" width="1067" height="298" />
    <size key="#com.intellij.tools.ToolEditorDialog.0.0.2560.1440@120dpi" width="1200" height="356" />
    <size key="GridCell.Tab.0.left.0.0.1280.1024@120dpi" width="1228" height="265" />
    <size key="GridCell.Tab.0.center.0.0.1280.1024@120dpi" width="1228" height="265" />
    <size key="GridCell.Tab.0.right.0.0.1280.1024@120dpi" width="1228" height="265" />
    <size key="GridCell.Tab.0.bottom.0.0.1280.1024@120dpi" width="1228" height="265" />
    <size key="javadoc.popup.0.0.2560.1440@120dpi" width="750" height="530" />
    <size key="CommitChangelistDialog2.0.0.2560.1440@120dpi" width="1506" height="986" />
    <size key="#Scopes.0.0.1920.1080@144dpi" width="621" height="603" />
    <size key="GridCell.Tab.0.left.0.0.1920.1080@144dpi" width="1853" height="443" />
    <size key="GridCell.Tab.0.center.0.0.1920.1080@144dpi" width="1853" height="443" />
    <size key="GridCell.Tab.0.right.0.0.1920.1080@144dpi" width="1853" height="443" />
    <size key="GridCell.Tab.0.bottom.0.0.1920.1080@144dpi" width="1853" height="443" />
    <size key="GridCell.Tab.1.left.0.0.1920.1080@144dpi" width="1853" height="443" />
    <size key="GridCell.Tab.1.center.0.0.1920.1080@144dpi" width="1853" height="443" />
    <size key="GridCell.Tab.1.right.0.0.1920.1080@144dpi" width="1853" height="443" />
    <size key="GridCell.Tab.1.bottom.0.0.1920.1080@144dpi" width="1853" height="443" />
    <size key="DebuggerActiveHint.0.0.1920.1080@144dpi" width="699" height="654" />
    <size key="search.everywhere.popup.0.0.1920.1080@144dpi" width="1392" height="1017" />
    <size key="find.popup.0.0.1920.1080@144dpi" width="873" height="891" />
    <size key="#xdebugger.evaluate.0.0.1920.1080@144dpi" width="954" height="750" />
    <size key="#com.intellij.tools.ToolEditorDialog.0.0.1920.1080@144dpi" width="674" height="669" />
  </component>
</application>