<application>
  <component name="PropertiesComponent">
    <property name="CommitChangeListDialog.DETAILS_SPLITTER_PROPORTION_2" value="0.6104046" />
    <property name="Copy.OpenInEditor" value="true" />
    <property name="Darcula.SavedEditorTheme" value="_@user_Darcula" />
    <property name="ExpandBeforeRunStepsPanel" value="true" />
    <property name="ExpandRunDashboardTypesPanel" value="false" />
    <property name="ExternalToolDialog.advanced.expanded" value="true" />
    <property name="InstalledPluginsSearchHistory" value="Cucumber" />
    <property name="JUnit.Splitter.Proportion" value="0.3888889" />
    <property name="JUnitSupport.hidePassedTests" value="false" />
    <property name="KEYMAP" value="compiler&#10;Registry" />
    <property name="MavenModuleWizard.inheritGroupId" value="true" />
    <property name="MavenModuleWizard.inheritVersion" value="true" />
    <property name="MemberChooser.copyJavadoc" value="false" />
    <property name="MemberChooser.showClasses" value="true" />
    <property name="PluginConfigurable.selectionTab" value="1" />
    <property name="ProjectStructure.SecondLevelElements" value="0.2876838" />
    <property name="RegistryRecentKeys" value="compiler.automake.allow.when.app.running" />
    <property name="RunConfigurable.dividerProportion" value="0.44348657" />
    <property name="SettingsSearchHistory" value="exter&#10;maven&#10;Registry&#10;Registry#&#10;compiler" />
    <property name="TrendingPluginsSearchHistory" value="cucumber" />
    <property name="com.intellij.history.integration.ui.views.DirectoryHistoryDialog.0" value="300" />
    <property name="com.intellij.history.integration.ui.views.FileHistoryDialog.0" value="300" />
    <property name="com.intellij.history.integration.ui.views.FileHistoryDialog.1" value="800" />
    <property name="com.intellij.openapi.roots.ui.configuration.TabbedModuleEditor.selectedEditor" value="Sources" />
    <property name="create.project.preferred.importer" value="Maven" />
    <property name="cucumber.Splitter.Proportion" value="0.16025901" />
    <property name="decompiler.legal.notice.accepted" value="true" />
    <property name="defaultJdkConfigured" value="true" />
    <property name="file.chooser.recent.files" value="C:/dev/SysNat/sources/sysnat.testcase.generation/src/main/resources/batFiles/clearReportDir.bat" />
    <property name="file.gist.reindex.count" value="1208" />
    <property name="fileTypeChangedCounter" value="5" />
    <property name="installed.kotlin.plugin.version" value="1.3.0-release-IJ2018.3-1" />
    <property name="jdk.selected.JAVA_MODULE" value="1.8" />
    <property name="last.imported.location" value="C:/dev/SysNat/sources/sysnat.parent/pom.xml" />
    <property name="lastTip" value="1" />
    <property name="plugins.preselection.path" value="$USER_HOME$/Downloads" />
    <property name="project.wizard.group" value="JAVA_MODULE" />
    <property name="project.wizard.template" value="Java" />
  </component>
</application>