<application>
  <component name="RecentProjectsManager">
    <option name="recentPaths">
      <list>
        <option value="$APPLICATION_HOME_DIR$/bin/../_SysNat" />
      </list>
    </option>
    <option name="openPaths">
      <list>
        <option value="$APPLICATION_HOME_DIR$/bin/../_SysNat" />
      </list>
    </option>
    <option name="lastPath" value="$APPLICATION_HOME_DIR$/bin/../_SysNat" />
    <option name="pid" value="" />
    <option name="additionalInfo">
      <map>
        <entry key="$USER_HOME$/IdeaProjects/ICF-Oberflächentests">
          <value>
            <RecentProjectMetaInfo>
              <option name="build" value="IC-183.4284.148" />
              <option name="productionCode" value="IC" />
              <option name="binFolder" value="$APPLICATION_HOME_DIR$/bin" />
              <option name="projectOpenTimestamp" value="1548250214183" />
              <option name="buildTimestamp" value="1542781426999" />
            </RecentProjectMetaInfo>
          </value>
        </entry>
        <entry key="$APPLICATION_HOME_DIR$/_project">
          <value>
            <RecentProjectMetaInfo>
              <option name="build" value="IC-183.4284.148" />
              <option name="productionCode" value="IC" />
              <option name="binFolder" value="$APPLICATION_HOME_DIR$/bin" />
              <option name="projectOpenTimestamp" value="1548250477696" />
              <option name="buildTimestamp" value="1542781397953" />
            </RecentProjectMetaInfo>
          </value>
        </entry>
        <entry key="$APPLICATION_HOME_DIR$/_project/CucumberTests">
          <value>
            <RecentProjectMetaInfo>
              <option name="build" value="IC-183.4284.148" />
              <option name="productionCode" value="IC" />
              <option name="binFolder" value="$APPLICATION_HOME_DIR$/bin" />
              <option name="projectOpenTimestamp" value="1549034388659" />
              <option name="buildTimestamp" value="1542781418512" />
            </RecentProjectMetaInfo>
          </value>
        </entry>
        <entry key="$APPLICATION_HOME_DIR$/bin/../_SysNat">
          <value>
            <RecentProjectMetaInfo>
              <option name="build" value="IC-183.4284.148" />
              <option name="productionCode" value="IC" />
              <option name="binFolder" value="$APPLICATION_HOME_DIR$/bin" />
              <option name="projectOpenTimestamp" value="1562252548465" />
              <option name="buildTimestamp" value="1542781399578" />
            </RecentProjectMetaInfo>
          </value>
        </entry>
      </map>
    </option>
    <option name="lastProjectLocation" value="$USER_HOME$/IdeaProjects" />
  </component>
</application>