<application>
  <component name="ActionsCollector">
    <counts>
      <entry action="$Copy" count="33" />
      <entry action="$Delete" count="39" />
      <entry action="$Paste" count="36" />
      <entry action="$Redo" count="533" />
      <entry action="$SelectAll" count="24" />
      <entry action="$Undo" count="2036" />
      <entry action="About" count="1" />
      <entry action="Back" count="1168" />
      <entry action="ChangesView.Revert" count="2" />
      <entry action="CheckinFiles" count="11" />
      <entry action="CloseAllEditors" count="25" />
      <entry action="CloseAllEditorsButActive" count="13" />
      <entry action="CodeCompletion" count="181" />
      <entry action="CompareTwoFiles" count="4" />
      <entry action="CompileDirty" count="17" />
      <entry action="CopyPaths" count="4" />
      <entry action="CopyReference" count="1" />
      <entry action="Debug" count="738" />
      <entry action="DebugClass" count="76" />
      <entry action="DecrementWindowWidth" count="1" />
      <entry action="DialogCancelAction ESC" count="22" />
      <entry action="DialogOkAction Eingabe" count="143" />
      <entry action="EditSource" count="2" />
      <entry action="EditorBackSpace" count="4696" />
      <entry action="EditorChooseLookupItem" count="1309" />
      <entry action="EditorCopy" count="1899" />
      <entry action="EditorCut" count="525" />
      <entry action="EditorDelete" count="2408" />
      <entry action="EditorDeleteLine" count="156" />
      <entry action="EditorDown" count="22563" />
      <entry action="EditorDownWithSelection" count="4812" />
      <entry action="EditorDuplicateLines" count="1" />
      <entry action="EditorEnter" count="1987" />
      <entry action="EditorEscape" count="621" />
      <entry action="EditorIndentSelection" count="1" />
      <entry action="EditorLeft" count="6440" />
      <entry action="EditorLeftWithSelection" count="1728" />
      <entry action="EditorLineEnd" count="1674" />
      <entry action="EditorLineEndWithSelection" count="657" />
      <entry action="EditorLineStart" count="3467" />
      <entry action="EditorLineStartWithSelection" count="196" />
      <entry action="EditorNextWord" count="3669" />
      <entry action="EditorNextWordWithSelection" count="4517" />
      <entry action="EditorPageDown" count="389" />
      <entry action="EditorPageUp" count="446" />
      <entry action="EditorPageUpWithSelection" count="2" />
      <entry action="EditorPaste" count="2810" />
      <entry action="EditorPreviousWord" count="3426" />
      <entry action="EditorPreviousWordWithSelection" count="2974" />
      <entry action="EditorRight" count="3377" />
      <entry action="EditorRightWithSelection" count="852" />
      <entry action="EditorScrollToCenter" count="1" />
      <entry action="EditorScrollUp" count="4" />
      <entry action="EditorStartNewLine" count="3" />
      <entry action="EditorTab" count="106" />
      <entry action="EditorTextEnd" count="199" />
      <entry action="EditorTextEndWithSelection" count="15" />
      <entry action="EditorTextStart" count="434" />
      <entry action="EditorTextStartWithSelection" count="4" />
      <entry action="EditorToggleCase" count="9" />
      <entry action="EditorToggleInsertState" count="9" />
      <entry action="EditorUnindentSelection" count="2" />
      <entry action="EditorUp" count="17784" />
      <entry action="EditorUpWithSelection" count="3723" />
      <entry action="EvaluateExpression" count="166" />
      <entry action="External Tool" count="122" />
      <entry action="ExtractMethod" count="15" />
      <entry action="FindInPath" count="337" />
      <entry action="FindUsages" count="5" />
      <entry action="FindUsagesInFile" count="3" />
      <entry action="ForceStepInto" count="1" />
      <entry action="Forward" count="38" />
      <entry action="FullyExpandTreeNode" count="36" />
      <entry action="Git.Add" count="2" />
      <entry action="Git.Commit.And.Push.Executor" count="8" />
      <entry action="Git.Init" count="1" />
      <entry action="Git.Pull" count="1" />
      <entry action="GotoAction" count="7" />
      <entry action="GotoBookmark1" count="9" />
      <entry action="GotoBookmark7" count="3" />
      <entry action="GotoClass" count="102" />
      <entry action="GotoDeclaration" count="1215" />
      <entry action="GotoFile" count="73" />
      <entry action="GotoImplementation" count="4" />
      <entry action="HideAllWindows" count="31" />
      <entry action="ImportSettings" count="1" />
      <entry action="JumpToLastChange" count="394" />
      <entry action="JumpToNextChange" count="19" />
      <entry action="LocalHistory.ShowHistory" count="7" />
      <entry action="MethodDown" count="4" />
      <entry action="MethodUp" count="11" />
      <entry action="Move" count="2" />
      <entry action="MoveStatementDown" count="51" />
      <entry action="MoveStatementUp" count="188" />
      <entry action="NewClass" count="4" />
      <entry action="NewDir" count="12" />
      <entry action="NewFile" count="6" />
      <entry action="NextTemplateVariable" count="84" />
      <entry action="OpenFile" count="1" />
      <entry action="QuickEvaluateExpression" count="2" />
      <entry action="QuickImplementations" count="5" />
      <entry action="QuickJavaDoc" count="32" />
      <entry action="RecentChangedFiles" count="1" />
      <entry action="Reload Classes" count="3" />
      <entry action="RenameElement" count="124" />
      <entry action="RenameFile" count="1" />
      <entry action="Replace" count="448" />
      <entry action="Rerun" count="60" />
      <entry action="RerunTests" count="1" />
      <entry action="Resume" count="793" />
      <entry action="RevealIn" count="2" />
      <entry action="Run" count="1066" />
      <entry action="RunAnything" count="2" />
      <entry action="RunClass" count="180" />
      <entry action="RunToCursor" count="1" />
      <entry action="SaveAll" count="32" />
      <entry action="ScopeView.EditScopes" count="33" />
      <entry action="SearchEverywhere" count="2" />
      <entry action="ShowFilePath" count="1" />
      <entry action="ShowIntentionActions" count="186" />
      <entry action="ShowPopupMenu" count="4" />
      <entry action="ShowProjectStructureSettings" count="37" />
      <entry action="ShowRegistry" count="1" />
      <entry action="ShowSettings" count="65" />
      <entry action="StepInto" count="514" />
      <entry action="StepOut" count="185" />
      <entry action="StepOver" count="2236" />
      <entry action="Stop" count="558" />
      <entry action="Switcher" count="2" />
      <entry action="Synchronize" count="3" />
      <entry action="SynchronizeCurrentFile" count="18" />
      <entry action="TemplateProjectProperties" count="1" />
      <entry action="ToggleLineBreakpoint" count="668" />
      <entry action="UnmarkRoot" count="2" />
      <entry action="Vcs.ShowTabbedFileHistory" count="6" />
      <entry action="ViewBreakpoints" count="21" />
      <entry action="ViewToolBar" count="1" />
      <entry action="WelcomeScreen.CreateNewProject" count="1" />
      <entry action="WelcomeScreen.OpenProject" count="2" />
      <entry action="XDebugger.CopyValue" count="21" />
      <entry action="XDebugger.RemoveWatch" count="5" />
      <entry action="XDebugger.SetValue" count="11" />
      <entry action="editRunConfigurations" count="110" />
      <entry action="tooltip.actions.show.description.morelink" count="2" />
    </counts>
    <contextMenuCounts>
      <entry action="[EditorPopup] DebugClass" count="14" />
      <entry action="[EditorPopup] RunClass" count="101" />
      <entry action="[EditorTabPopup] CloseAllEditors" count="25" />
      <entry action="[EditorTabPopup] CloseAllEditorsButActive" count="13" />
      <entry action="[MainMenu] About" count="1" />
      <entry action="[MainMenu] CompileDirty" count="9" />
      <entry action="[MainMenu] External Tool" count="20" />
      <entry action="[MainMenu] Git.Init" count="1" />
      <entry action="[MainMenu] ImportSettings" count="1" />
      <entry action="[MainMenu] RenameFile" count="1" />
      <entry action="[MainMenu] Run" count="1" />
      <entry action="[MainMenu] ShowProjectStructureSettings" count="30" />
      <entry action="[MainMenu] ShowSettings" count="63" />
      <entry action="[MainMenu] TemplateProjectProperties" count="1" />
      <entry action="[MainMenu] ViewToolBar" count="1" />
      <entry action="[ProjectViewPopup] $Copy" count="3" />
      <entry action="[ProjectViewPopup] $Paste" count="2" />
      <entry action="[ProjectViewPopup] ChangesView.Revert" count="2" />
      <entry action="[ProjectViewPopup] CheckinFiles" count="11" />
      <entry action="[ProjectViewPopup] CompareTwoFiles" count="4" />
      <entry action="[ProjectViewPopup] CopyPaths" count="4" />
      <entry action="[ProjectViewPopup] CopyReference" count="1" />
      <entry action="[ProjectViewPopup] DebugClass" count="2" />
      <entry action="[ProjectViewPopup] Git.Add" count="2" />
      <entry action="[ProjectViewPopup] Git.Pull" count="1" />
      <entry action="[ProjectViewPopup] LocalHistory.ShowHistory" count="7" />
      <entry action="[ProjectViewPopup] Move" count="2" />
      <entry action="[ProjectViewPopup] NewClass" count="4" />
      <entry action="[ProjectViewPopup] NewDir" count="10" />
      <entry action="[ProjectViewPopup] NewFile" count="6" />
      <entry action="[ProjectViewPopup] RevealIn" count="2" />
      <entry action="[ProjectViewPopup] RunClass" count="33" />
      <entry action="[ProjectViewPopup] ShowFilePath" count="1" />
      <entry action="[ProjectViewPopup] SynchronizeCurrentFile" count="13" />
      <entry action="[ProjectViewPopup] UnmarkRoot" count="2" />
      <entry action="[ProjectViewPopup] Vcs.ShowTabbedFileHistory" count="6" />
      <entry action="[ScopeViewPopup] EditSource" count="1" />
      <entry action="[ScopeViewPopup] NewDir" count="2" />
      <entry action="[ScopeViewPopup] RunClass" count="15" />
      <entry action="[ScopeViewPopup] ScopeView.EditScopes" count="16" />
      <entry action="[ScopeViewPopup] SynchronizeCurrentFile" count="5" />
      <entry action="[TestTreeViewPopup] DebugClass" count="60" />
      <entry action="[TestTreeViewPopup] RunClass" count="31" />
      <entry action="[ToolwindowPopup] ScopeView.EditScopes" count="17" />
      <entry action="[unknown] XDebugger.CopyValue" count="21" />
      <entry action="[unknown] XDebugger.SetValue" count="10" />
    </contextMenuCounts>
  </component>
  <component name="FUSApplicationUsageTrigger">
    <session id="655482535">
      <usages-collector id="statistics.import.old.config">
        <usage id="DO_NOT_IMPORT" value="1" />
      </usages-collector>
      <usages-collector id="statistics.lifecycle.app">
        <usage id="ide.start" value="103" />
        <usage id="ide.freeze" value="1">
          <context>
            <entry key="data_1" value="timeSecondsGrouped" />
            <entry key="data_2" value="7" />
          </context>
        </usage>
        <usage id="ide.close" value="103" />
        <usage id="ide.close.restart" value="2" />
        <usage id="ide.error" value="102" />
        <usage id="ide.freeze" value="3">
          <context>
            <entry key="data_1" value="timeSecondsGrouped" />
            <entry key="data_2" value="10+" />
          </context>
        </usage>
        <usage id="ide.freeze" value="1">
          <context>
            <entry key="data_1" value="timeSecondsGrouped" />
            <entry key="data_2" value="10" />
          </context>
        </usage>
        <usage id="ide.freeze" value="1">
          <context>
            <entry key="data_1" value="timeSecondsGrouped" />
            <entry key="data_2" value="8" />
          </context>
        </usage>
      </usages-collector>
      <usages-collector id="statistics.ui.tips">
        <usage id="shown.automatically" value="1" />
      </usages-collector>
      <usages-collector id="statistics.vcs.back.forward.trigger">
        <usage id="editor" value="1046" />
        <usage id="unknown" value="140" />
        <usage id="project.view" value="20" />
      </usages-collector>
      <usages-collector id="statistics.vcs.log.trigger">
        <usage id="history.Show Diff" value="1" />
      </usages-collector>
      <usages-collector id="statistics.ide.self.update">
        <usage id="notification.shown" value="3" />
      </usages-collector>
    </session>
  </component>
  <component name="FeatureUsageStatistics" first-run="1543575575973" have-been-shown="false" show-in-other="true" show-in-compilation="true">
    <feature id="editing.completion.smarttype.afternew" count="0" last-shown="0" last-used="0" shown-count="0" />
    <feature id="editing.completion.camelHumps" count="15" last-shown="0" last-used="1561716891487" shown-count="0" />
    <feature id="editing.completion.second.smarttype.aslist" count="0" last-shown="0" last-used="0" shown-count="0" />
    <feature id="codeassists.surroundwith.statement" count="0" last-shown="0" last-used="0" shown-count="0" />
    <feature id="refactoring.rename" count="112" last-shown="0" last-used="1562163979473" shown-count="0" />
    <feature id="navigation.popup.action" count="0" last-shown="0" last-used="0" shown-count="0" />
    <feature id="editing.completion.cancelByControlArrows" count="0" last-shown="0" last-used="0" shown-count="0" />
    <feature id="editing.completion.finishBySmartEnter" count="0" last-shown="1562172453212" last-used="0" shown-count="39" />
    <feature id="navigation.popup.symbol" count="0" last-shown="0" last-used="0" shown-count="0" />
    <feature id="find.recent.search" count="5" last-shown="0" last-used="1553523845194" shown-count="0" />
    <feature id="editing.completion.replace" count="0" last-shown="1562249600477" last-used="0" shown-count="17181" />
    <feature id="switcher" count="2" last-shown="0" last-used="1551441932685" shown-count="0" />
    <feature id="codeassists.complete.statement" count="0" last-shown="0" last-used="0" shown-count="0" />
    <feature id="navigation.goto.inspection" count="0" last-shown="0" last-used="0" shown-count="0" />
    <feature id="editing.completion.variable.name" count="3034" last-shown="0" last-used="1562249523609" shown-count="0" />
    <feature id="navigation.popup.file" count="0" last-shown="0" last-used="0" shown-count="0" />
    <feature id="codeassists.overrideimplement" count="1" last-shown="0" last-used="1550841799317" shown-count="0" />
    <feature id="editing.completion.smarttype.casting" count="0" last-shown="0" last-used="0" shown-count="0" />
    <feature id="navigation.popup.wildcards" count="0" last-shown="0" last-used="0" shown-count="0" />
    <feature id="refactoring.introduceVariable" count="0" last-shown="0" last-used="0" shown-count="0" />
    <feature id="codeassists.javadoc.external" count="0" last-shown="0" last-used="0" shown-count="0" />
    <feature id="codeassists.surroundwith.expression" count="0" last-shown="0" last-used="0" shown-count="0" />
    <feature id="navigation.recent.files" count="0" last-shown="0" last-used="0" shown-count="0" />
    <feature id="navigation.goto.declaration" count="1215" last-shown="0" last-used="1562249652232" shown-count="0" />
    <feature id="scratch" count="0" last-shown="0" last-used="0" shown-count="0" />
    <feature id="editing.completion.finishByDotEtc" count="1" last-shown="1562172453212" last-used="1544192977766" shown-count="46" />
    <feature id="navigation.goto.implementation" count="4" last-shown="0" last-used="1555051207405" shown-count="0" />
    <feature id="refactoring.move.moveInner" count="0" last-shown="0" last-used="0" shown-count="0" />
    <feature id="editing.completion.finishByCtrlDot" count="0" last-shown="0" last-used="0" shown-count="0" />
    <feature id="navigation.select.in" count="0" last-shown="0" last-used="0" shown-count="0" />
    <feature id="editing.completion.global.member.name" count="1" last-shown="1556033692605" last-used="1561715989409" shown-count="23" />
    <feature id="editing.completion.finishByExclamation" count="0" last-shown="0" last-used="0" shown-count="0" />
    <feature id="ui.tree.speedsearch" count="6" last-shown="0" last-used="1556021177553" shown-count="0" />
    <feature id="ui.horizontal.scrolling" count="0" last-shown="0" last-used="0" shown-count="0" />
    <feature id="refactoring.copyClass" count="14" last-shown="0" last-used="1557302581556" shown-count="0" />
    <feature id="move.element.left.right" count="0" last-shown="0" last-used="0" shown-count="0" />
    <feature id="jar.diff" count="0" last-shown="0" last-used="0" shown-count="0" />
    <feature id="codeassists.comment.line" count="0" last-shown="0" last-used="0" shown-count="0" />
    <feature id="codeassists.highlight.return" count="0" last-shown="0" last-used="0" shown-count="0" />
    <feature id="editing.completion.second.smarttype.chain" count="0" last-shown="0" last-used="0" shown-count="0" />
    <feature id="ant.quickfix.CreateProperty" count="0" last-shown="0" last-used="0" shown-count="0" />
    <feature id="editing.completion.second.smarttype.toar" count="0" last-shown="0" last-used="0" shown-count="0" />
    <feature id="navigation.popup.camelprefix" count="0" last-shown="0" last-used="0" shown-count="0" />
    <feature id="SearchEverywhere" count="0" last-shown="0" last-used="0" shown-count="0" />
    <feature id="navigation.popup.class" count="0" last-shown="0" last-used="0" shown-count="0" />
    <feature id="editor.delete.line" count="156" last-shown="0" last-used="1562228471326" shown-count="0" />
    <feature id="codeassists.highlight.throws" count="45" last-shown="0" last-used="1561710942535" shown-count="0" />
    <feature id="codeassists.quickdefinition" count="1" last-shown="1562172453212" last-used="1553513231529" shown-count="38" />
    <feature id="find.completion" count="0" last-shown="0" last-used="0" shown-count="0" />
    <feature id="editing.completion.basic" count="1402" last-shown="0" last-used="1562249601368" shown-count="0" />
    <feature id="tag.name.completion" count="0" last-shown="0" last-used="0" shown-count="0" />
    <feature id="editing.completion.second.smarttype.array.member" count="0" last-shown="0" last-used="0" shown-count="0" />
    <feature id="editing.completion.postfix" count="0" last-shown="0" last-used="0" shown-count="0" />
    <feature id="refactoring.introduceVariable.incompleteStatement" count="46" last-shown="0" last-used="1561715957339" shown-count="0" />
    <feature id="dir.diff" count="0" last-shown="0" last-used="0" shown-count="0" />
    <feature id="editing.select.word" count="2624" last-shown="0" last-used="1562249667082" shown-count="0" />
    <feature id="editing.add.carets.using.double.ctrl" count="0" last-shown="0" last-used="0" shown-count="0" />
    <feature id="codeassists.quickjavadoc.lookup" count="0" last-shown="1562172453212" last-used="0" shown-count="8" />
    <feature id="ui.scheme.quickswitch" count="0" last-shown="0" last-used="0" shown-count="0" />
    <feature id="codeassists.highlight.implements" count="0" last-shown="0" last-used="0" shown-count="0" />
    <feature id="editing.completion.smarttype.general" count="0" last-shown="1562249600477" last-used="0" shown-count="1481" />
    <feature id="codeassist.inspect.batch" count="0" last-shown="0" last-used="0" shown-count="0" />
    <feature id="navigation.popup.file.structure" count="0" last-shown="0" last-used="0" shown-count="0" />
    <feature id="ant.quickfix.CreateTarget" count="0" last-shown="0" last-used="0" shown-count="0" />
    <feature id="codeassists.quickjavadoc.ctrln" count="30" last-shown="0" last-used="1562161352307" shown-count="0" />
    <feature id="navigation.goto.usages" count="0" last-shown="0" last-used="0" shown-count="0" />
    <feature id="codeassists.comment.block" count="0" last-shown="0" last-used="0" shown-count="0" />
    <feature id="codeassists.quickjavadoc" count="2" last-shown="1561711145936" last-used="1562163973086" shown-count="31" />
    <feature id="ui.recentchanges" count="0" last-shown="0" last-used="0" shown-count="0" />
    <feature id="editing.completion.second.basic" count="26" last-shown="0" last-used="1562175122286" shown-count="0" />
    <feature id="editing.completion.changeSorting" count="0" last-shown="0" last-used="0" shown-count="0" />
    <feature id="codeassists.quickdefinition.lookup" count="0" last-shown="1553522276094" last-used="0" shown-count="1" />
    <completionStatsTag>
      <option name="sparedCharacters" value="10174" />
      <option name="invocations" value="843" />
      <option name="startDate" value="1543532400000" />
      <option name="dayCount" value="21" />
      <option name="lastDate" value="1562191200000" />
    </completionStatsTag>
    <fixesStatsTag>
      <option name="invocations" value="139" />
      <option name="startDate" value="1543532400000" />
      <option name="dayCount" value="17" />
      <option name="lastDate" value="1562104800000" />
    </fixesStatsTag>
  </component>
  <component name="IntentionsCollector">
    <Intentions>
      <entry name="Gherkin [!]org.jetbrains.plugins.cucumber.inspections.CucumberCreateStepFix" count="9" />
      <entry name="JAVA codeInspection.magicConstant.MagicConstantInspection$2" count="1" />
      <entry name="JAVA codeInspection.wrongPackageStatement.AdjustPackageNameFix" count="2" />
      <entry name="JAVA com.siyeh.ipp.modifiers.MakePrivateIntention" count="1" />
      <entry name="JAVA daemon.impl.quickfix.AddExceptionToThrowsFix" count="3" />
      <entry name="JAVA daemon.impl.quickfix.AddModuleDependencyFix" count="1" />
      <entry name="JAVA daemon.impl.quickfix.AddTypeCastFix" count="5" />
      <entry name="JAVA daemon.impl.quickfix.CastMethodArgumentFix" count="2" />
      <entry name="JAVA daemon.impl.quickfix.ChangeMethodSignatureFromUsageFix" count="3" />
      <entry name="JAVA daemon.impl.quickfix.ChangeMethodSignatureFromUsageReverseOrderFix" count="1" />
      <entry name="JAVA daemon.impl.quickfix.CreateGetterOrSetterFix" count="1" />
      <entry name="JAVA daemon.impl.quickfix.CreateParameterFromUsageFix" count="3" />
      <entry name="JAVA daemon.impl.quickfix.CreateTypeParameterFromUsageFix" count="1" />
      <entry name="JAVA daemon.impl.quickfix.ImplementMethodsFix" count="1" />
      <entry name="JAVA daemon.impl.quickfix.ImportClassFix" count="11" />
      <entry name="JAVA daemon.impl.quickfix.MethodReturnTypeFix" count="1" />
      <entry name="JAVA daemon.impl.quickfix.VariableTypeFix" count="1" />
      <entry name="JAVA intention.impl.IntroduceVariableIntentionAction" count="46" />
      <entry name="JAVA intention.impl.PriorityIntentionActionWrapper$HighPriorityIntentionActionWrapper" count="6" />
      <entry name="JAVA lang.java.actions.CreateConstantAction" count="3" />
      <entry name="JAVA lang.java.actions.CreateConstructorAction" count="1" />
      <entry name="JAVA lang.java.actions.CreateFieldAction" count="4" />
      <entry name="JAVA lang.java.actions.CreateMethodAction" count="27" />
      <entry name="JAVA lang.jvm.actions.JvmClassIntentionActionGroup" count="5" />
    </Intentions>
  </component>
  <component name="MainMenuCollector">
    <counts>
      <entry path="Build -&gt; Build Project" count="9" />
      <entry path="File -&gt; Import Settings..." count="1" />
      <entry path="File -&gt; Other Settings -&gt; Settings for New Projects..." count="1" />
      <entry path="File -&gt; Project Structure..." count="30" />
      <entry path="File -&gt; Settings..." count="63" />
      <entry path="Help -&gt; About" count="1" />
      <entry path="Refactor -&gt; Rename File..." count="1" />
      <entry path="Run -&gt; Run" count="1" />
      <entry path="Tools -&gt; External Tools -&gt; External Tool" count="20" />
      <entry path="VCS -&gt; Import into Version Control -&gt; Create Git Repository..." count="1" />
      <entry path="View -&gt; Toolbar" count="1" />
    </counts>
  </component>
  <component name="ShortcutsCollector">
    <counts>
      <entry shortcut="Alt+Down" count="51" />
      <entry shortcut="Alt+Enter" count="186" />
      <entry shortcut="Alt+Shift+M" count="15" />
      <entry shortcut="Alt+Shift+R" count="125" />
      <entry shortcut="Alt+Shift+T" count="4" />
      <entry shortcut="Alt+Up" count="188" />
      <entry shortcut="Backspace" count="4696" />
      <entry shortcut="Control+Control" count="2" />
      <entry shortcut="Ctrl+1" count="9" />
      <entry shortcut="Ctrl+7" count="3" />
      <entry shortcut="Ctrl+A" count="24" />
      <entry shortcut="Ctrl+Alt+Down" count="1" />
      <entry shortcut="Ctrl+B" count="7" />
      <entry shortcut="Ctrl+C" count="1928" />
      <entry shortcut="Ctrl+D" count="156" />
      <entry shortcut="Ctrl+End" count="199" />
      <entry shortcut="Ctrl+F" count="452" />
      <entry shortcut="Ctrl+G" count="7" />
      <entry shortcut="Ctrl+H" count="337" />
      <entry shortcut="Ctrl+Home" count="434" />
      <entry shortcut="Ctrl+Home+Ctrl+Home" count="1" />
      <entry shortcut="Ctrl+Insert" count="1" />
      <entry shortcut="Ctrl+Left" count="3426" />
      <entry shortcut="Ctrl+M" count="1" />
      <entry shortcut="Ctrl+Right" count="3669" />
      <entry shortcut="Ctrl+S" count="12" />
      <entry shortcut="Ctrl+Shift+A" count="6" />
      <entry shortcut="Ctrl+Shift+Down" count="4" />
      <entry shortcut="Ctrl+Shift+E" count="2" />
      <entry shortcut="Ctrl+Shift+End" count="15" />
      <entry shortcut="Ctrl+Shift+G" count="3" />
      <entry shortcut="Ctrl+Shift+Home" count="4" />
      <entry shortcut="Ctrl+Shift+I" count="5" />
      <entry shortcut="Ctrl+Shift+Left" count="2975" />
      <entry shortcut="Ctrl+Shift+R" count="73" />
      <entry shortcut="Ctrl+Shift+Right" count="4517" />
      <entry shortcut="Ctrl+Shift+T" count="102" />
      <entry shortcut="Ctrl+Shift+U" count="3" />
      <entry shortcut="Ctrl+Shift+Up" count="11" />
      <entry shortcut="Ctrl+Shift+X" count="3" />
      <entry shortcut="Ctrl+Shift+Y" count="3" />
      <entry shortcut="Ctrl+Space" count="181" />
      <entry shortcut="Ctrl+T" count="4" />
      <entry shortcut="Ctrl+Tab" count="2" />
      <entry shortcut="Ctrl+U" count="166" />
      <entry shortcut="Ctrl+Up" count="4" />
      <entry shortcut="Ctrl+V" count="2844" />
      <entry shortcut="Ctrl+X" count="89" />
      <entry shortcut="Ctrl+Y" count="533" />
      <entry shortcut="Ctrl+Z" count="2036" />
      <entry shortcut="Delete" count="2463" />
      <entry shortcut="Down" count="22902" />
      <entry shortcut="End" count="1674" />
      <entry shortcut="Enter" count="4483" />
      <entry shortcut="Escape" count="1143" />
      <entry shortcut="F2" count="33" />
      <entry shortcut="F3" count="1209" />
      <entry shortcut="Home" count="3467" />
      <entry shortcut="Insert" count="9" />
      <entry shortcut="Left" count="6440" />
      <entry shortcut="NumPad *" count="36" />
      <entry shortcut="Page Down" count="389" />
      <entry shortcut="Page Up" count="446" />
      <entry shortcut="Right" count="3377" />
      <entry shortcut="Shift+Delete" count="436" />
      <entry shortcut="Shift+Down" count="4812" />
      <entry shortcut="Shift+End" count="657" />
      <entry shortcut="Shift+Enter" count="3" />
      <entry shortcut="Shift+Home" count="195" />
      <entry shortcut="Shift+Left" count="1728" />
      <entry shortcut="Shift+Page Up" count="2" />
      <entry shortcut="Shift+Right" count="852" />
      <entry shortcut="Shift+Tab" count="2" />
      <entry shortcut="Shift+Up" count="3723" />
      <entry shortcut="Tab" count="107" />
      <entry shortcut="Up" count="17868" />
    </counts>
  </component>
  <component name="ToolWindowsCollector">
    <counts>
      <entry toolWindow="Ant Build by Activation" count="1" />
      <entry toolWindow="Debug by Activation" count="1002" />
      <entry toolWindow="Find by Activation" count="11" />
      <entry toolWindow="Maven by Activation" count="38" />
      <entry toolWindow="Messages by Activation" count="37" />
      <entry toolWindow="Problems by Activation" count="1" />
      <entry toolWindow="Project by Activation" count="695" />
      <entry toolWindow="Run by Activation" count="1572" />
      <entry toolWindow="TODO by Activation" count="5" />
      <entry toolWindow="Version Control by Activation" count="11" />
    </counts>
  </component>
  <component name="ToolbarClicksCollector">
    <counts>
      <entry action="Back@MainToolbar" count="1168" />
      <entry action="CompileDirty@NavBarToolbar" count="1" />
      <entry action="Debug@MainToolbar" count="738" />
      <entry action="ForceStepInto@DebuggerToolbar" count="1" />
      <entry action="Forward@MainToolbar" count="38" />
      <entry action="JumpToLastChange@MainToolbar" count="394" />
      <entry action="JumpToNextChange@MainToolbar" count="19" />
      <entry action="OpenFile@MainToolbar" count="1" />
      <entry action="Rerun@DebuggerToolbar" count="51" />
      <entry action="Rerun@RunnerToolbar" count="9" />
      <entry action="Resume@DebuggerToolbar" count="793" />
      <entry action="Run@MainToolbar" count="1061" />
      <entry action="Run@NavBarToolbar" count="4" />
      <entry action="RunConfiguration@MainToolbar" count="951" />
      <entry action="RunConfiguration@NavBarToolbar" count="1" />
      <entry action="RunToCursor@DebuggerToolbar" count="1" />
      <entry action="SaveAll@MainToolbar" count="20" />
      <entry action="SearchEverywhere@NavBarToolbar" count="2" />
      <entry action="Show Options@ToolWindowHeader" count="37" />
      <entry action="ShowProjectStructureSettings@MainToolbar" count="7" />
      <entry action="ShowSettings@MainToolbar" count="2" />
      <entry action="StepInto@DebuggerToolbar" count="514" />
      <entry action="StepOut@DebuggerToolbar" count="185" />
      <entry action="StepOver@DebuggerToolbar" count="2236" />
      <entry action="Stop@DebuggerToolbar" count="80" />
      <entry action="Stop@MainToolbar" count="478" />
      <entry action="Synchronize@MainToolbar" count="3" />
      <entry action="Tool_External Tools_Delete PDF files in Download directory...@MainToolbar" count="4" />
      <entry action="Tool_External Tools_Delete test reports...@MainToolbar" count="2" />
      <entry action="Tool_External Tools_Loesche PDFs in Download-Verzeichnis...@MainToolbar" count="47" />
      <entry action="Tool_External Tools_Loesche Testreports...@MainToolbar" count="49" />
      <entry action="ViewBreakpoints@DebuggerToolbar" count="21" />
      <entry action="com.intellij.execution.impl.ConsoleViewImpl$ClearAllAction@RunnerToolbar" count="1" />
      <entry action="com.intellij.execution.junit2.ui.actions.RerunFailedTestsAction@DebuggerToolbar" count="19" />
      <entry action="com.intellij.execution.junit2.ui.actions.RerunFailedTestsAction@RunnerToolbar" count="1" />
      <entry action="com.intellij.find.EditorSearchSession$ReplaceAction@EditorToolbar" count="11" />
      <entry action="com.intellij.find.EditorSearchSession$ReplaceAllAction@EditorToolbar" count="15" />
      <entry action="com.intellij.find.SearchTextArea$ClearAction@unknown" count="2" />
      <entry action="com.intellij.find.SearchTextArea$ShowHistoryAction@unknown" count="5" />
      <entry action="com.intellij.find.editorHeaderActions.NextOccurrenceAction@EditorToolbar" count="139" />
      <entry action="com.intellij.find.editorHeaderActions.PrevOccurrenceAction@EditorToolbar" count="5" />
      <entry action="com.intellij.find.editorHeaderActions.ToggleMatchCase@EditorToolbar" count="5" />
      <entry action="com.intellij.find.editorHeaderActions.ToggleWholeWordsOnlyAction@EditorToolbar" count="4" />
      <entry action="com.intellij.ide.actions.CollapseAllToolbarAction@ToolwindowTitle" count="121" />
      <entry action="com.intellij.ide.impl.FlattenModulesToggleAction@ScopeEditor" count="1" />
      <entry action="com.intellij.ide.plugins.newui.TabHeaderComponent$3@NavBarToolbar" count="2" />
      <entry action="com.intellij.ide.ui.customization.CustomizableActionsPanel$EditIconAction@toolbar" count="16" />
      <entry action="com.intellij.ide.ui.customization.CustomizableActionsPanel$MoveDownAction@toolbar" count="1" />
      <entry action="com.intellij.ide.ui.customization.CustomizableActionsPanel$MoveUpAction@toolbar" count="26" />
      <entry action="com.intellij.ide.ui.customization.CustomizableActionsPanel$RemoveAction@toolbar" count="36" />
      <entry action="com.intellij.ide.util.scopeChooser.FlattenPackagesAction@ScopeEditor" count="7" />
      <entry action="com.intellij.ide.util.scopeChooser.ScopeEditorPanel$ChooseScopeTypeAction@ScopeEditor" count="13" />
      <entry action="com.intellij.ide.util.scopeChooser.ScopeEditorPanel$FilterLegalsAction@ScopeEditor" count="6" />
      <entry action="com.intellij.ide.util.scopeChooser.ShowFilesAction@ScopeEditor" count="34" />
      <entry action="com.intellij.ide.util.scopeChooser.ShowModuleGroupsAction@ScopeEditor" count="1" />
      <entry action="com.intellij.ide.util.scopeChooser.ShowModulesAction@ScopeEditor" count="17" />
      <entry action="com.intellij.openapi.actionSystem.DefaultActionGroup@toolbar" count="9" />
      <entry action="com.intellij.openapi.roots.ui.configuration.actions.ToggleSourcesStateAction@ProjectStructureContentEntries" count="23" />
      <entry action="com.intellij.openapi.roots.ui.configuration.libraryEditor.LibraryRootsComponent$1@ToolbarDecorator" count="8" />
      <entry action="com.intellij.openapi.wm.impl.ToolWindowHeader$HideAction@ToolwindowTitle" count="19" />
      <entry action="com.intellij.openapi.wm.impl.ToolWindowHeader$ShowOptionsAction@ToolwindowTitle" count="37" />
      <entry action="com.intellij.packageDependencies.ui.ProjectPatternProvider$CompactEmptyMiddlePackagesAction@ScopeEditor" count="3" />
      <entry action="com.intellij.tools.ToolAction@MainToolbar" count="54" />
      <entry action="com.intellij.ui.AnActionButton$AnActionButtonWrapper@ToolbarDecorator" count="21" />
      <entry action="com.intellij.ui.CommonActionsPanel$MyActionButton@ToolbarDecorator" count="125" />
    </counts>
  </component>
</application>