<application>
  <component name="WindowStateApplicationService">
    <state x="96" y="96" width="2368" height="1196" key="#com.intellij.execution.junit2.states.ComparisonFailureState$DiffDialog" />
    <state x="96" y="96" width="2368" height="1196" key="#com.intellij.execution.junit2.states.ComparisonFailureState$DiffDialog/2560.1440/1280.1024" />
    <state x="96" y="96" width="2368" height="1196" key="#com.intellij.execution.junit2.states.ComparisonFailureState$DiffDialog@2560.1440@120dpi" />
    <state x="96" y="96" width="2368" height="1196" key="DiffContextDialog" />
    <state x="96" y="96" width="2368" height="1196" key="DiffContextDialog/2560.1440/1280.1024" />
    <state x="96" y="96" width="2368" height="1196" key="DiffContextDialog@2560.1440@120dpi" />
    <state x="96" y="96" width="2368" height="1196" key="com.intellij.history.integration.ui.views.DirectoryHistoryDialog" />
    <state x="96" y="96" width="2368" height="1196" key="com.intellij.history.integration.ui.views.DirectoryHistoryDialog/2560.1440/1280.1024" />
    <state x="96" y="96" width="2368" height="1196" key="com.intellij.history.integration.ui.views.DirectoryHistoryDialog@2560.1440@120dpi" />
    <state x="96" y="96" width="2368" height="1196" maximized="true" key="com.intellij.history.integration.ui.views.FileHistoryDialog" />
    <state x="96" y="96" width="2368" height="1196" maximized="true" key="com.intellij.history.integration.ui.views.FileHistoryDialog/2560.1440/1280.1024" />
    <state x="96" y="96" width="2368" height="1196" maximized="true" key="com.intellij.history.integration.ui.views.FileHistoryDialog@2560.1440@120dpi" />
  </component>
</application>