<toolSet name="External Tools">
  <tool name="Delete test reports..." showInMainMenu="false" showInEditor="false" showInProject="false" showInSearchPopup="false" disabled="false" useConsole="true" showConsoleOnStdOut="false" showConsoleOnStdErr="false" synchronizeAfterRun="true">
    <exec>
      <option name="COMMAND" value="..\..\sources\sysnat.natural.language.executable.examples\src\main\resources\batFiles\clearReportDir.bat" />
      <option name="PARAMETERS" />
      <option name="WORKING_DIRECTORY" value="../../sources/sysnat.natural.language.executable.examples" />
    </exec>
  </tool>
  <tool name="Delete PDF files in Download directory..." showInMainMenu="false" showInEditor="false" showInProject="false" showInSearchPopup="false" disabled="false" useConsole="true" showConsoleOnStdOut="false" showConsoleOnStdErr="false" synchronizeAfterRun="true">
    <exec>
      <option name="COMMAND" value="..\..\sources\sysnat.natural.language.executable.examples\src\main\resources\batFiles\deleteAllPdfFilesInDownloadDir.bat" />
      <option name="PARAMETERS" />
      <option name="WORKING_DIRECTORY" value="../../sources/sysnat.natural.language.executable.examples" />
    </exec>
  </tool>
</toolSet>