<?xml version="1.0" encoding="UTF-8"?>
<project version="4">
  <component name="FUSProjectUsageTrigger">
    <session id="894555716">
      <usages-collector id="statistics.lifecycle.project">
        <usage id="project.opened" value="20" />
        <usage id="project.open.time.3" value="2" />
        <usage id="project.closed" value="20" />
        <usage id="project.open.time.10" value="1" />
        <usage id="project.open.time.5" value="12" />
        <usage id="project.open.time.9" value="1" />
        <usage id="project.open.time.6" value="2" />
        <usage id="project.open.time.7" value="2" />
      </usages-collector>
      <usages-collector id="statistics.file.types.edit">
        <usage id="PLAIN_TEXT" value="14" />
        <usage id="JAVA" value="148" />
        <usage id="XML" value="3" />
        <usage id="Properties" value="2" />
      </usages-collector>
      <usages-collector id="statistics.run.configuration.start">
        <usage id="MavenRunConfiguration" value="90">
          <context>
            <entry key="data_1" value="Run" />
          </context>
        </usage>
        <usage id="Application" value="21">
          <context>
            <entry key="data_1" value="Run" />
          </context>
        </usage>
        <usage id="Application" value="33">
          <context>
            <entry key="data_1" value="Debug" />
          </context>
        </usage>
        <usage id="JUnit" value="117">
          <context>
            <entry key="data_1" value="Run" />
          </context>
        </usage>
        <usage id="JUnit" value="86">
          <context>
            <entry key="data_1" value="Debug" />
          </context>
        </usage>
      </usages-collector>
      <usages-collector id="statistics.file.types.open">
        <usage id="JAVA" value="99" />
        <usage id="PLAIN_TEXT" value="9" />
        <usage id="Properties" value="7" />
        <usage id="XML" value="2" />
        <usage id="Eclipse" value="1" />
      </usages-collector>
      <usages-collector id="statistics.debugger.breakpoints.usage">
        <usage id="new.breakpoint" value="81" />
        <usage id="new.java-line" value="81" />
        <usage id="new.within.session" value="19" />
        <usage id="verified.0+" value="4" />
        <usage id="verified.10+" value="11" />
        <usage id="verified.1000+" value="2" />
        <usage id="verified.10000+" value="1" />
        <usage id="verified.1+" value="1" />
      </usages-collector>
      <usages-collector id="statistics.build.maven.actions">
        <usage id="RunBuildAction" value="1">
          <context>
            <entry key="data_1" value="from." />
            <entry key="data_2" value="fromContextMenu.false" />
          </context>
        </usage>
      </usages-collector>
      <usages-collector id="statistics.terminal">
        <usage id="local.exec" value="1">
          <context>
            <entry key="data_1" value="Windows" />
            <entry key="data_2" value="Windows 10 10.0" />
            <entry key="data_3" value="cmd.exe" />
          </context>
        </usage>
      </usages-collector>
    </session>
  </component>
  <component name="TerminalArrangementManager">
    <option name="myTabStates">
      <TerminalTabState tabName="Local" commandHistoryFileName="history-" />
    </option>
  </component>
</project>