<?xml version="1.0" encoding="UTF-8"?>
<project version="4">
  <component name="FUSProjectUsageTrigger">
    <session id="1244367769">
      <usages-collector id="statistics.lifecycle.project">
        <usage id="project.opened" value="5" />
        <usage id="project.open.time.3" value="2" />
        <usage id="project.closed" value="5" />
        <usage id="project.open.time.4" value="1" />
        <usage id="project.open.time.2" value="2" />
      </usages-collector>
      <usages-collector id="statistics.run.configuration.start">
        <usage id="CucumberJavaRunConfigurationType" value="9">
          <context>
            <entry key="data_1" value="Run" />
          </context>
        </usage>
        <usage id="MavenRunConfiguration" value="13">
          <context>
            <entry key="data_1" value="Run" />
          </context>
        </usage>
        <usage id="Application" value="12">
          <context>
            <entry key="data_1" value="Run" />
          </context>
        </usage>
        <usage id="Application" value="12">
          <context>
            <entry key="data_1" value="Debug" />
          </context>
        </usage>
        <usage id="CucumberJavaRunConfigurationType" value="2">
          <context>
            <entry key="data_1" value="Debug" />
          </context>
        </usage>
      </usages-collector>
      <usages-collector id="statistics.file.types.open">
        <usage id="Cucumber" value="3" />
        <usage id="Properties" value="2" />
        <usage id="JAVA" value="13" />
        <usage id="PLAIN_TEXT" value="2" />
      </usages-collector>
      <usages-collector id="statistics.file.types.edit">
        <usage id="JAVA" value="34" />
        <usage id="Properties" value="3" />
        <usage id="PLAIN_TEXT" value="3" />
      </usages-collector>
      <usages-collector id="statistics.debugger.breakpoints.usage">
        <usage id="new.breakpoint" value="11" />
        <usage id="new.java-line" value="11" />
      </usages-collector>
      <usages-collector id="statistics.build.maven.actions">
        <usage id="RunBuildAction" value="9">
          <context>
            <entry key="data_1" value="from." />
            <entry key="data_2" value="fromContextMenu.false" />
          </context>
        </usage>
      </usages-collector>
    </session>
  </component>
  <component name="ProjectInspectionProfilesVisibleTreeState">
    <entry key="Project Default">
      <profile-state>
        <expanded-state>
          <State />
          <State>
            <id>AccessibilityLintAndroid</id>
          </State>
          <State>
            <id>Android</id>
          </State>
          <State>
            <id>Class structureJava</id>
          </State>
          <State>
            <id>CorrectnessLintAndroid</id>
          </State>
          <State>
            <id>IconsUsabilityLintAndroid</id>
          </State>
          <State>
            <id>InternationalizationLintAndroid</id>
          </State>
          <State>
            <id>Java</id>
          </State>
          <State>
            <id>JavadocJava</id>
          </State>
          <State>
            <id>LintAndroid</id>
          </State>
          <State>
            <id>MessagesCorrectnessLintAndroid</id>
          </State>
          <State>
            <id>PerformanceLintAndroid</id>
          </State>
          <State>
            <id>Plugin DevKit</id>
          </State>
          <State>
            <id>SecurityLintAndroid</id>
          </State>
          <State>
            <id>UsabilityLintAndroid</id>
          </State>
        </expanded-state>
      </profile-state>
    </entry>
  </component>
</project>