<?xml version="1.0" encoding="UTF-8"?>
<project version="4">
  <component name="FUSProjectUsageTrigger">
    <session id="926654692">
      <usages-collector id="statistics.lifecycle.project">
        <usage id="project.opened" value="27" />
        <usage id="project.open.time.3" value="8" />
        <usage id="project.closed" value="27" />
        <usage id="project.open.time.4" value="16" />
        <usage id="project.open.time.5" value="3" />
      </usages-collector>
      <usages-collector id="statistics.file.types.open">
        <usage id="Cucumber" value="35" />
        <usage id="Properties" value="13" />
        <usage id="JAVA" value="244" />
        <usage id="HTML" value="8" />
        <usage id="PLAIN_TEXT" value="17" />
        <usage id="Cucumber-SysNat-Testdaten" value="17" />
        <usage id="CLASS" value="34" />
        <usage id="Image" value="3" />
        <usage id="IDEA_MODULE" value="3" />
        <usage id="XML" value="1" />
      </usages-collector>
      <usages-collector id="statistics.file.types.edit">
        <usage id="Properties" value="15" />
        <usage id="JAVA" value="531" />
        <usage id="PLAIN_TEXT" value="24" />
        <usage id="Cucumber-SysNat-Testdaten" value="21" />
        <usage id="Cucumber" value="43" />
      </usages-collector>
      <usages-collector id="statistics.run.configuration.start">
        <usage id="CucumberJavaRunConfigurationType" value="120">
          <context>
            <entry key="data_1" value="Run" />
          </context>
        </usage>
        <usage id="CucumberJavaRunConfigurationType" value="234">
          <context>
            <entry key="data_1" value="Debug" />
          </context>
        </usage>
        <usage id="MavenRunConfiguration" value="26">
          <context>
            <entry key="data_1" value="Run" />
          </context>
        </usage>
        <usage id="Application" value="9">
          <context>
            <entry key="data_1" value="Run" />
          </context>
        </usage>
        <usage id="Application" value="1">
          <context>
            <entry key="data_1" value="Debug" />
          </context>
        </usage>
        <usage id="JUnit" value="1">
          <context>
            <entry key="data_1" value="Run" />
          </context>
        </usage>
      </usages-collector>
      <usages-collector id="statistics.debugger.breakpoints.usage">
        <usage id="new.breakpoint" value="159" />
        <usage id="new.java-line" value="159" />
        <usage id="new.within.session" value="68" />
        <usage id="verified.0+" value="36" />
        <usage id="verified.10+" value="20" />
        <usage id="verified.100+" value="1" />
        <usage id="verified.1000+" value="2" />
      </usages-collector>
      <usages-collector id="statistics.build.maven.actions">
        <usage id="RunBuildAction" value="10">
          <context>
            <entry key="data_1" value="from." />
            <entry key="data_2" value="fromContextMenu.false" />
          </context>
        </usage>
      </usages-collector>
    </session>
  </component>
</project>