<?xml version="1.0" encoding="UTF-8"?>
<project version="4">
  <component name="FUSProjectUsageTrigger">
    <session id="-1679154029">
      <usages-collector id="statistics.lifecycle.project">
        <usage id="project.opened" value="24" />
        <usage id="project.open.time.1" value="1" />
        <usage id="project.closed" value="24" />
        <usage id="project.open.time.5" value="8" />
        <usage id="project.open.time.4" value="14" />
        <usage id="project.open.time.6" value="1" />
      </usages-collector>
      <usages-collector id="statistics.file.types.open">
        <usage id="PLAIN_TEXT" value="23" />
        <usage id="XML" value="2" />
        <usage id="JAVA" value="172" />
        <usage id="Cucumber" value="16" />
        <usage id="HTML" value="22" />
        <usage id="JSON" value="1" />
        <usage id="Properties" value="11" />
        <usage id="Image" value="22" />
        <usage id="Cucumber-SysNat-Testdaten" value="12" />
        <usage id="CLASS" value="27" />
        <usage id="IDEA_MODULE" value="1" />
      </usages-collector>
      <usages-collector id="statistics.file.types.edit">
        <usage id="PLAIN_TEXT" value="13" />
        <usage id="XML" value="3" />
        <usage id="JAVA" value="411" />
        <usage id="Properties" value="11" />
        <usage id="Cucumber" value="109" />
        <usage id="Cucumber-SysNat-Testdaten" value="6" />
      </usages-collector>
      <usages-collector id="statistics.run.configuration.start">
        <usage id="MavenRunConfiguration" value="9">
          <context>
            <entry key="data_1" value="Run" />
          </context>
        </usage>
        <usage id="JUnit" value="8">
          <context>
            <entry key="data_1" value="Run" />
          </context>
        </usage>
        <usage id="CucumberJavaRunConfigurationType" value="128">
          <context>
            <entry key="data_1" value="Run" />
          </context>
        </usage>
        <usage id="CucumberJavaRunConfigurationType" value="152">
          <context>
            <entry key="data_1" value="Debug" />
          </context>
        </usage>
        <usage id="Application" value="31">
          <context>
            <entry key="data_1" value="Run" />
          </context>
        </usage>
        <usage id="Application" value="6">
          <context>
            <entry key="data_1" value="Debug" />
          </context>
        </usage>
      </usages-collector>
      <usages-collector id="statistics.build.maven.actions">
        <usage id="RunBuildAction" value="4">
          <context>
            <entry key="data_1" value="from." />
            <entry key="data_2" value="fromContextMenu.false" />
          </context>
        </usage>
      </usages-collector>
      <usages-collector id="statistics.debugger.breakpoints.usage">
        <usage id="new.breakpoint" value="128" />
        <usage id="new.java-line" value="128" />
        <usage id="new.within.session" value="47" />
        <usage id="verified.10+" value="12" />
        <usage id="verified.0+" value="26" />
        <usage id="verified.1000+" value="1" />
      </usages-collector>
    </session>
  </component>
</project>