<?xml version="1.0" encoding="UTF-8"?>
<project version="4">
  <component name="FUSProjectUsageTrigger">
    <session id="-1183864752">
      <usages-collector id="statistics.lifecycle.project">
        <usage id="project.opened" value="21" />
        <usage id="project.open.time.4" value="4" />
        <usage id="project.closed" value="21" />
        <usage id="project.open.time.5" value="14" />
        <usage id="project.open.time.3" value="2" />
        <usage id="project.open.time.6" value="1" />
      </usages-collector>
      <usages-collector id="statistics.file.types.edit">
        <usage id="Properties" value="39" />
        <usage id="PLAIN_TEXT" value="29" />
        <usage id="JAVA" value="563" />
        <usage id="Cucumber-SysNat-Testdaten" value="49" />
        <usage id="Cucumber" value="96" />
        <usage id="HTML" value="1" />
      </usages-collector>
      <usages-collector id="statistics.run.configuration.start">
        <usage id="CucumberJavaRunConfigurationType" value="259">
          <context>
            <entry key="data_1" value="Run" />
          </context>
        </usage>
        <usage id="CucumberJavaRunConfigurationType" value="287">
          <context>
            <entry key="data_1" value="Debug" />
          </context>
        </usage>
        <usage id="MavenRunConfiguration" value="332">
          <context>
            <entry key="data_1" value="Run" />
          </context>
        </usage>
        <usage id="MavenRunConfiguration" value="19">
          <context>
            <entry key="data_1" value="Debug" />
          </context>
        </usage>
        <usage id="JUnit" value="92">
          <context>
            <entry key="data_1" value="Run" />
          </context>
        </usage>
        <usage id="JUnit" value="50">
          <context>
            <entry key="data_1" value="Debug" />
          </context>
        </usage>
      </usages-collector>
      <usages-collector id="statistics.file.types.open">
        <usage id="PLAIN_TEXT" value="46" />
        <usage id="JAVA" value="288" />
        <usage id="Image" value="32" />
        <usage id="HTML" value="17" />
        <usage id="Cucumber" value="85" />
        <usage id="Cucumber-SysNat-Testdaten" value="20" />
        <usage id="Properties" value="23" />
        <usage id="CLASS" value="26" />
        <usage id="ResourceBundle" value="7" />
        <usage id="XML" value="2" />
        <usage id="IDEA_MODULE" value="1" />
      </usages-collector>
      <usages-collector id="statistics.debugger.breakpoints.usage">
        <usage id="new.breakpoint" value="247" />
        <usage id="new.java-line" value="247" />
        <usage id="new.within.session" value="103" />
        <usage id="verified.0+" value="48" />
        <usage id="verified.10+" value="26" />
        <usage id="verified.1+" value="18" />
        <usage id="verified.1000+" value="4" />
      </usages-collector>
      <usages-collector id="statistics.build.maven.actions">
        <usage id="RunBuildAction" value="2">
          <context>
            <entry key="data_1" value="from." />
            <entry key="data_2" value="fromContextMenu.false" />
          </context>
        </usage>
      </usages-collector>
    </session>
  </component>
  <component name="ProjectInspectionProfilesVisibleTreeState">
    <entry key="Project Default">
      <profile-state>
        <expanded-state>
          <State />
          <State>
            <id>Android</id>
          </State>
          <State>
            <id>Class structureJava</id>
          </State>
          <State>
            <id>Code style issuesJava</id>
          </State>
          <State>
            <id>CorrectnessLintAndroid</id>
          </State>
          <State>
            <id>Declaration redundancyJava</id>
          </State>
          <State>
            <id>DeclarationGroovy</id>
          </State>
          <State>
            <id>EditorConfig</id>
          </State>
          <State>
            <id>Error handlingGroovy</id>
          </State>
          <State>
            <id>Error handlingJava</id>
          </State>
          <State>
            <id>FinalizationJava</id>
          </State>
          <State>
            <id>Groovy</id>
          </State>
          <State>
            <id>HTML</id>
          </State>
          <State>
            <id>Inheritance issuesJava</id>
          </State>
          <State>
            <id>InternationalizationJava</id>
          </State>
          <State>
            <id>Java</id>
          </State>
          <State>
            <id>Java 5Java language level migration aidsJava</id>
          </State>
          <State>
            <id>Java language level migration aidsJava</id>
          </State>
          <State>
            <id>JavadocJava</id>
          </State>
          <State>
            <id>Kotlin</id>
          </State>
          <State>
            <id>LintAndroid</id>
          </State>
          <State>
            <id>Packaging issuesJava</id>
          </State>
          <State>
            <id>PerformanceJava</id>
          </State>
          <State>
            <id>Plugin DevKit</id>
          </State>
          <State>
            <id>Potentially confusing code constructsGroovy</id>
          </State>
          <State>
            <id>Probable bugsJava</id>
          </State>
          <State>
            <id>Probable bugsKotlin</id>
          </State>
          <State>
            <id>Properties Files</id>
          </State>
          <State>
            <id>Redundant constructsKotlin</id>
          </State>
          <State>
            <id>RegExp</id>
          </State>
          <State>
            <id>SecurityJava</id>
          </State>
          <State>
            <id>Style issuesKotlin</id>
          </State>
          <State>
            <id>Threading issuesGroovy</id>
          </State>
          <State>
            <id>Threading issuesJava</id>
          </State>
          <State>
            <id>UI Form</id>
          </State>
          <State>
            <id>XML</id>
          </State>
        </expanded-state>
      </profile-state>
    </entry>
  </component>
  <component name="VcsLogIndexCollector">
    <option name="indexTime" value="1474" />
  </component>
</project>