<?xml version="1.0" encoding="UTF-8"?><testrun duration="35562" footerText="Generated by IntelliJ IDEA on 17.07.19 10:15" name="Execute ModuleLevelTests">
    <count name="total" value="14"/>
    <count name="ignored" value="1"/>
    <count name="passed" value="13"/>
    <config configId="JUnit" name="Execute ModuleLevelTests">
        <module name="sysnat.quality.assurance"/>
        <option name="MAIN_CLASS_NAME" value=""/>
        <option name="METHOD_NAME" value=""/>
        <option name="TEST_OBJECT" value="pattern"/>
        <option name="PARAMETERS" value=""/>
        <option name="WORKING_DIRECTORY" value="$MODULE_DIR$"/>
        <patterns>
            <pattern testClass="^.*ModuleLevelTest.*$"/>
        </patterns>
    </config>
    <root name="&lt;default package&gt;" location="java:suite://&lt;default package&gt;">
        <output type="stdout">C:\dev\SysNat\java\bin\java.exe -ea -Didea.test.cyclic.buffer.size=1048576 -javaagent:C:\dev\SysNat\IntelliJ\lib\idea_rt.jar=53730:C:\dev\SysNat\IntelliJ\bin -Dfile.encoding=UTF-8 -classpath C:\dev\SysNat\IntelliJ\lib\idea_rt.jar;C:\dev\SysNat\IntelliJ\plugins\junit\lib\junit-rt.jar;C:\dev\SysNat\IntelliJ\plugins\junit\lib\junit5-rt.jar;C:\dev\SysNat\java\jre\lib\charsets.jar;C:\dev\SysNat\java\jre\lib\deploy.jar;C:\dev\SysNat\java\jre\lib\ext\access-bridge-64.jar;C:\dev\SysNat\java\jre\lib\ext\cldrdata.jar;C:\dev\SysNat\java\jre\lib\ext\dnsns.jar;C:\dev\SysNat\java\jre\lib\ext\jaccess.jar;C:\dev\SysNat\java\jre\lib\ext\jfxrt.jar;C:\dev\SysNat\java\jre\lib\ext\localedata.jar;C:\dev\SysNat\java\jre\lib\ext\nashorn.jar;C:\dev\SysNat\java\jre\lib\ext\sunec.jar;C:\dev\SysNat\java\jre\lib\ext\sunjce_provider.jar;C:\dev\SysNat\java\jre\lib\ext\sunmscapi.jar;C:\dev\SysNat\java\jre\lib\ext\sunpkcs11.jar;C:\dev\SysNat\java\jre\lib\ext\zipfs.jar;C:\dev\SysNat\java\jre\lib\javaws.jar;C:\dev\SysNat\java\jre\lib\jce.jar;C:\dev\SysNat\java\jre\lib\jfr.jar;C:\dev\SysNat\java\jre\lib\jfxswt.jar;C:\dev\SysNat\java\jre\lib\jsse.jar;C:\dev\SysNat\java\jre\lib\management-agent.jar;C:\dev\SysNat\java\jre\lib\plugin.jar;C:\dev\SysNat\java\jre\lib\resources.jar;C:\dev\SysNat\java\jre\lib\rt.jar;C:\dev\SysNat\sources\sysnat.quality.assurance\target\test-classes;C:\dev\SysNat\sources\sysnat.quality.assurance\target\classes;C:\dev\SysNat\sources\sysnat.testdata.import\target\classes;C:\dev\SysNat\maven\localRepository\org\apache\poi\poi-ooxml\3.10-FINAL\poi-ooxml-3.10-FINAL.jar;C:\dev\SysNat\maven\localRepository\org\apache\poi\poi\3.10-FINAL\poi-3.10-FINAL.jar;C:\dev\SysNat\maven\localRepository\org\apache\poi\poi-ooxml-schemas\3.10-FINAL\poi-ooxml-schemas-3.10-FINAL.jar;C:\dev\SysNat\maven\localRepository\org\apache\xmlbeans\xmlbeans\2.3.0\xmlbeans-2.3.0.jar;C:\dev\SysNat\maven\localRepository\stax\stax-api\1.0.1\stax-api-1.0.1.jar;C:\dev\SysNat\maven\localRepository\dom4j\dom4j\1.6.1\dom4j-1.6.1.jar;C:\dev\SysNat\maven\localRepository\xml-apis\xml-apis\1.0.b2\xml-apis-1.0.b2.jar;C:\dev\SysNat\maven\localRepository\com\testautomationguru\pdfutil\pdf-util\0.0.2\pdf-util-0.0.2.jar;C:\dev\SysNat\maven\localRepository\org\apache\pdfbox\pdfbox\2.0.6\pdfbox-2.0.6.jar;C:\dev\SysNat\maven\localRepository\org\apache\pdfbox\fontbox\2.0.6\fontbox-2.0.6.jar;C:\dev\SysNat\maven\localRepository\org\apache\pdfbox\pdfbox-tools\2.0.6\pdfbox-tools-2.0.6.jar;C:\dev\SysNat\maven\localRepository\org\apache\pdfbox\pdfbox-debugger\2.0.6\pdfbox-debugger-2.0.6.jar;C:\dev\SysNat\maven\localRepository\commons-io\commons-io\2.5\commons-io-2.5.jar;C:\dev\SysNat\maven\localRepository\org\seleniumhq\selenium\selenium-java\3.13.0\selenium-java-3.13.0.jar;C:\dev\SysNat\maven\localRepository\org\seleniumhq\selenium\selenium-api\3.13.0\selenium-api-3.13.0.jar;C:\dev\SysNat\maven\localRepository\org\seleniumhq\selenium\selenium-chrome-driver\3.13.0\selenium-chrome-driver-3.13.0.jar;C:\dev\SysNat\maven\localRepository\org\seleniumhq\selenium\selenium-edge-driver\3.13.0\selenium-edge-driver-3.13.0.jar;C:\dev\SysNat\maven\localRepository\org\seleniumhq\selenium\selenium-firefox-driver\3.13.0\selenium-firefox-driver-3.13.0.jar;C:\dev\SysNat\maven\localRepository\org\seleniumhq\selenium\selenium-ie-driver\3.13.0\selenium-ie-driver-3.13.0.jar;C:\dev\SysNat\maven\localRepository\org\seleniumhq\selenium\selenium-opera-driver\3.13.0\selenium-opera-driver-3.13.0.jar;C:\dev\SysNat\maven\localRepository\org\seleniumhq\selenium\selenium-remote-driver\3.13.0\selenium-remote-driver-3.13.0.jar;C:\dev\SysNat\maven\localRepository\org\seleniumhq\selenium\selenium-safari-driver\3.13.0\selenium-safari-driver-3.13.0.jar;C:\dev\SysNat\maven\localRepository\org\seleniumhq\selenium\selenium-support\3.13.0\selenium-support-3.13.0.jar;C:\dev\SysNat\maven\localRepository\net\bytebuddy\byte-buddy\1.8.3\byte-buddy-1.8.3.jar;C:\dev\SysNat\maven\localRepository\org\apache\commons\commons-exec\1.3\commons-exec-1.3.jar;C:\dev\SysNat\maven\localRepository\commons-codec\commons-codec\1.10\commons-codec-1.10.jar;C:\dev\SysNat\maven\localRepository\commons-logging\commons-logging\1.2\commons-logging-1.2.jar;C:\dev\SysNat\maven\localRepository\com\google\code\gson\gson\2.8.4\gson-2.8.4.jar;C:\dev\SysNat\maven\localRepository\com\google\guava\guava\25.0-jre\guava-25.0-jre.jar;C:\dev\SysNat\maven\localRepository\com\google\code\findbugs\jsr305\1.3.9\jsr305-1.3.9.jar;C:\dev\SysNat\maven\localRepository\org\checkerframework\checker-compat-qual\2.0.0\checker-compat-qual-2.0.0.jar;C:\dev\SysNat\maven\localRepository\com\google\errorprone\error_prone_annotations\2.1.3\error_prone_annotations-2.1.3.jar;C:\dev\SysNat\maven\localRepository\com\google\j2objc\j2objc-annotations\1.1\j2objc-annotations-1.1.jar;C:\dev\SysNat\maven\localRepository\org\codehaus\mojo\animal-sniffer-annotations\1.14\animal-sniffer-annotations-1.14.jar;C:\dev\SysNat\maven\localRepository\org\apache\httpcomponents\httpclient\4.5.5\httpclient-4.5.5.jar;C:\dev\SysNat\maven\localRepository\org\apache\httpcomponents\httpcore\4.4.9\httpcore-4.4.9.jar;C:\dev\SysNat\maven\localRepository\com\squareup\okhttp3\okhttp\3.10.0\okhttp-3.10.0.jar;C:\dev\SysNat\maven\localRepository\com\squareup\okio\okio\1.14.1\okio-1.14.1.jar;C:\dev\SysNat\sources\sysnat.test.runtime.environment\target\classes;C:\dev\SysNat\sources\sysnat.testresult.archiving\target\classes;C:\dev\SysNat\maven\localRepository\net\java\dev\jna\jna\4.1.0\jna-4.1.0.jar;C:\dev\SysNat\sources\sysnat.testcase.generation\target\classes;C:\dev\SysNat\sources\sysnat.natural.language.executable.examples\target\classes;C:\dev\SysNat\maven\localRepository\org\apache\maven\shared\maven-invoker\3.0.1\maven-invoker-3.0.1.jar;C:\dev\SysNat\maven\localRepository\org\apache\maven\shared\maven-shared-utils\3.2.1\maven-shared-utils-3.2.1.jar;C:\dev\SysNat\maven\localRepository\org\codehaus\plexus\plexus-component-annotations\1.7.1\plexus-component-annotations-1.7.1.jar;C:\dev\SysNat\sources\sysnat.common\target\classes;C:\dev\SysNat\maven\localRepository\com\itextpdf\itextpdf\5.0.6\itextpdf-5.0.6.jar;C:\dev\SysNat\maven\localRepository\org\bouncycastle\bcmail-jdk14\1.38\bcmail-jdk14-1.38.jar;C:\dev\SysNat\maven\localRepository\org\bouncycastle\bcprov-jdk14\1.38\bcprov-jdk14-1.38.jar;C:\dev\SysNat\maven\localRepository\org\bouncycastle\bctsp-jdk14\1.38\bctsp-jdk14-1.38.jar;C:\dev\SysNat\maven\localRepository\junit\junit\4.12\junit-4.12.jar;C:\dev\SysNat\maven\localRepository\org\hamcrest\hamcrest-core\1.3\hamcrest-core-1.3.jar;C:\dev\SysNat\maven\localRepository\joda-time\joda-time\2.9.9\joda-time-2.9.9.jar com.intellij.rt.execution.junit.JUnitStarter -ideVersion5 @w@C:\Users\xi325560.SCBDE\AppData\Local\Temp\idea_working_dirs_junit.tmp @C:\Users\xi325560.SCBDE\AppData\Local\Temp\idea_junit.tmp -socket53729
Process finished with exit code 0
</output>
    </root>
    <suite duration="35562" locationUrl="java:suite://com.iksgmbh.sysnat.test.ModuleLevelTestExecutor" name="ModuleLevelTestExecutor" status="ignored">
        <suite duration="19155" locationUrl="java:suite://com.iksgmbh.sysnat.test.module_level.CalculatorApp_ModuleLevelTest" name="CalculatorApp_ModuleLevelTest" status="passed">
            <test duration="10365" locationUrl="java:test://com.iksgmbh.sysnat.test.module_level.CalculatorApp_ModuleLevelTest/compilesAndExecutesXX_withBehaviourLevelInstructions_andCreatesTestReport" name="CalculatorApp_ModuleLevelTest.compilesAndExecutesXX_withBehaviourLevelInstructions_andCreatesTestReport" status="passed">
                <output type="stdout">Properties filename in use: C:\dev\SysNat\sources\sysnat.quality.assurance\..\sysnat.quality.assurance\src\test\resources\testdata\CalculatorTestApp/execution.properties
settings.config used: C:\dev\SysNat\sources\sysnat.quality.assurance\..\sysnat.quality.assurance\src\test\resources\testdata\CalculatorTestApp\settings.config
Properties filename in use: C:\dev\SysNat\sources\sysnat.quality.assurance\..\sysnat.quality.assurance\src\test\resources\testdata\CalculatorTestApp\settings.config
Properties filename in use: C:\dev\SysNat\sources\sysnat.quality.assurance\..\sysnat.quality.assurance\src\test\resources\testdata\CalculatorTestApp/CalculatorTestApp.properties
Starting CalculatorTestApp on LOCAL at 17.07.2019 10h 15min 04sec...
[WARN] Maven will be executed in interactive mode, but no input stream has been configured for this MavenInvoker instance.
[INFO] Scanning for projects...
[INFO] 
[INFO] ---------------&amp;lt; com.iksgmbh.snt:sysnat.test.execution &amp;gt;----------------
[INFO] Building SNT Test Execution Module 1.0.0
[INFO] --------------------------------[ jar ]---------------------------------
[INFO] 
[INFO] --- maven-clean-plugin:2.5:clean (default-clean) @ sysnat.test.execution ---
[INFO] Deleting C:\dev\SysNat\sources\sysnat.test.execution\target
[INFO] 
[INFO] --- maven-resources-plugin:2.6:resources (default-resources) @ sysnat.test.execution ---
[WARNING] Using platform encoding (UTF-8 actually) to copy filtered resources, i.e. build is platform dependent!
[INFO] skip non existing resourceDirectory C:\dev\SysNat\sources\sysnat.test.execution\src\main\resources
[INFO] 
[INFO] --- maven-compiler-plugin:3.7.0:compile (default-compile) @ sysnat.test.execution ---
[INFO] Changes detected - recompiling the module!
[WARNING] File encoding has not been set, using platform encoding UTF-8, i.e. build is platform dependent!
[INFO] Compiling 2 source files to C:\dev\SysNat\sources\sysnat.test.execution\target\classes
[INFO] 
[INFO] --- maven-resources-plugin:2.6:testResources (default-testResources) @ sysnat.test.execution ---
[WARNING] Using platform encoding (UTF-8 actually) to copy filtered resources, i.e. build is platform dependent!
[INFO] skip non existing resourceDirectory C:\dev\SysNat\sources\sysnat.test.execution\src\test\resources
[INFO] 
[INFO] --- maven-compiler-plugin:3.7.0:testCompile (default-testCompile) @ sysnat.test.execution ---
[INFO] Changes detected - recompiling the module!
[WARNING] File encoding has not been set, using platform encoding UTF-8, i.e. build is platform dependent!
[INFO] Compiling 2 source files to C:\dev\SysNat\sources\sysnat.test.execution\target\test-classes
[INFO] 
[INFO] --- maven-surefire-plugin:2.21.0:test (default-test) @ sysnat.test.execution ---
[INFO] 
[INFO] -------------------------------------------------------
[INFO]  T E S T S
[INFO] -------------------------------------------------------
[INFO] Running com.iksgmbh.sysnat.test.calculatortestapp.BehaviourLevelInstructionsTestCase1Test
SysNat v1.0.0 test environment initialisation...
Properties filename in use: C:\dev\SysNat\sources\sysnat.quality.assurance\..\sysnat.quality.assurance\src\test\resources\testdata\CalculatorTestApp/execution.properties
settings.config used: C:\dev\SysNat\sources\sysnat.quality.assurance\..\sysnat.quality.assurance\src\test\resources\testdata\CalculatorTestApp\settings.config
Properties filename in use: C:\dev\SysNat\sources\sysnat.quality.assurance\..\sysnat.quality.assurance\src\test\resources\testdata\CalculatorTestApp\settings.config
Properties filename in use: C:\dev\SysNat\sources\sysnat.quality.assurance\..\sysnat.quality.assurance\src\test\resources\testdata\CalculatorTestApp/CalculatorTestApp.properties
Starting CalculatorTestApp on LOCAL at 17.07.2019 10h 15min 13sec...
--------------------------------------------------------------------
1. XXId: XX1
Test Result: OK
Done with test case in 0min and 0sec.
Time passed: 01:00:00 (this test), 01:00:00 (total).
Intermediate Result: No tests excecuted so far.
[INFO] Tests run: 1, Failures: 0, Errors: 0, Skipped: 0, Time elapsed: 0.39 s - in com.iksgmbh.sysnat.test.calculatortestapp.BehaviourLevelInstructionsTestCase1Test
[INFO] Running com.iksgmbh.sysnat.test.calculatortestapp.BehaviourLevelInstructionsTestCase2Test
--------------------------------------------------------------------
2. XXId: XX2
Test Result: OK
Done with test case in 0min and 0sec.
Time passed: 01:00:00 (this test), 01:00:00 (total).
Intermediate Result: No tests excecuted so far.
[INFO] Tests run: 1, Failures: 0, Errors: 0, Skipped: 0, Time elapsed: 0 s - in com.iksgmbh.sysnat.test.calculatortestapp.BehaviourLevelInstructionsTestCase2Test
--------------------------------------------------------------------
Archiving test results is omitted.
Folder does not exist: C:\dev\SysNat\sources\sysnat.test.execution\src\test\resources\CalculatorTestApp\com
Cannot find unique file &amp;#39;BehaviourLevelInstructionsTestCase1.nlxx&amp;#39; in directory: src/test/resources/CalculatorTestApp/com
Folder does not exist: C:\dev\SysNat\sources\sysnat.test.execution\src\test\resources\CalculatorTestApp\com
Cannot find unique file &amp;#39;BehaviourLevelInstructionsTestCase2.nlxx&amp;#39; in directory: src/test/resources/CalculatorTestApp/com
No test executed. Check execution filter and executable examples.
[INFO] 
[INFO] Results:
[INFO] 
[INFO] Tests run: 2, Failures: 0, Errors: 0, Skipped: 0
[INFO] 
[INFO] ------------------------------------------------------------------------
[INFO] BUILD SUCCESS
[INFO] ------------------------------------------------------------------------
[INFO] Total time: 7.601 s
[INFO] Finished at: 2019-07-17T10:15:14+02:00
[INFO] ------------------------------------------------------------------------
</output>
            </test>
            <test duration="8790" locationUrl="java:test://com.iksgmbh.sysnat.test.module_level.CalculatorApp_ModuleLevelTest/compilesAndExecutesXX_with_BDDKeyword" name="CalculatorApp_ModuleLevelTest.compilesAndExecutesXX_with_BDDKeyword" status="passed">
                <output type="stdout">Nothing to delete. Directory &amp;#39;C:\dev\SysNat\sources\sysnat.quality.assurance\..\sysnat.test.execution\src\test\gen&amp;#39; does not exist.
Properties filename in use: C:\dev\SysNat\sources\sysnat.quality.assurance\..\sysnat.quality.assurance\src\test\resources\testdata\CalculatorTestApp/execution.properties
settings.config used: C:\dev\SysNat\sources\sysnat.quality.assurance\..\sysnat.quality.assurance\src\test\resources\testdata\CalculatorTestApp\settings.config
Properties filename in use: C:\dev\SysNat\sources\sysnat.quality.assurance\..\sysnat.quality.assurance\src\test\resources\testdata\CalculatorTestApp\settings.config
Properties filename in use: C:\dev\SysNat\sources\sysnat.quality.assurance\..\sysnat.quality.assurance\src\test\resources\testdata\CalculatorTestApp/CalculatorTestApp.properties
Starting CalculatorTestApp on LOCAL at 17.07.2019 10h 15min 14sec...
[WARN] Maven will be executed in interactive mode, but no input stream has been configured for this MavenInvoker instance.
[INFO] Scanning for projects...
[INFO] 
[INFO] ---------------&amp;lt; com.iksgmbh.snt:sysnat.test.execution &amp;gt;----------------
[INFO] Building SNT Test Execution Module 1.0.0
[INFO] --------------------------------[ jar ]---------------------------------
[INFO] 
[INFO] --- maven-clean-plugin:2.5:clean (default-clean) @ sysnat.test.execution ---
[INFO] Deleting C:\dev\SysNat\sources\sysnat.test.execution\target
[INFO] 
[INFO] --- maven-resources-plugin:2.6:resources (default-resources) @ sysnat.test.execution ---
[WARNING] Using platform encoding (UTF-8 actually) to copy filtered resources, i.e. build is platform dependent!
[INFO] skip non existing resourceDirectory C:\dev\SysNat\sources\sysnat.test.execution\src\main\resources
[INFO] 
[INFO] --- maven-compiler-plugin:3.7.0:compile (default-compile) @ sysnat.test.execution ---
[INFO] Changes detected - recompiling the module!
[WARNING] File encoding has not been set, using platform encoding UTF-8, i.e. build is platform dependent!
[INFO] Compiling 2 source files to C:\dev\SysNat\sources\sysnat.test.execution\target\classes
[INFO] 
[INFO] --- maven-resources-plugin:2.6:testResources (default-testResources) @ sysnat.test.execution ---
[WARNING] Using platform encoding (UTF-8 actually) to copy filtered resources, i.e. build is platform dependent!
[INFO] skip non existing resourceDirectory C:\dev\SysNat\sources\sysnat.test.execution\src\test\resources
[INFO] 
[INFO] --- maven-compiler-plugin:3.7.0:testCompile (default-testCompile) @ sysnat.test.execution ---
[INFO] Changes detected - recompiling the module!
[WARNING] File encoding has not been set, using platform encoding UTF-8, i.e. build is platform dependent!
[INFO] Compiling 1 source file to C:\dev\SysNat\sources\sysnat.test.execution\target\test-classes
[INFO] 
[INFO] --- maven-surefire-plugin:2.21.0:test (default-test) @ sysnat.test.execution ---
[INFO] 
[INFO] -------------------------------------------------------
[INFO]  T E S T S
[INFO] -------------------------------------------------------
[INFO] Running com.iksgmbh.sysnat.test.calculatortestapp.BDDKeywordTestCaseTest
SysNat v1.0.0 test environment initialisation...
Properties filename in use: C:\dev\SysNat\sources\sysnat.quality.assurance\..\sysnat.quality.assurance\src\test\resources\testdata\CalculatorTestApp/execution.properties
settings.config used: C:\dev\SysNat\sources\sysnat.quality.assurance\..\sysnat.quality.assurance\src\test\resources\testdata\CalculatorTestApp\settings.config
Properties filename in use: C:\dev\SysNat\sources\sysnat.quality.assurance\..\sysnat.quality.assurance\src\test\resources\testdata\CalculatorTestApp\settings.config
Properties filename in use: C:\dev\SysNat\sources\sysnat.quality.assurance\..\sysnat.quality.assurance\src\test\resources\testdata\CalculatorTestApp/CalculatorTestApp.properties
Starting CalculatorTestApp on LOCAL at 17.07.2019 10h 15min 22sec...
--------------------------------------------------------------------
1. XXId: BDDKeywordTestCaseTest
2. XXId: XX1
Test Result: OK
Done with test case in 0min and 0sec.
Time passed: 01:00:00 (this test), 01:00:00 (total).
Intermediate Result: No tests excecuted so far.
[INFO] Tests run: 1, Failures: 0, Errors: 0, Skipped: 0, Time elapsed: 0.343 s - in com.iksgmbh.sysnat.test.calculatortestapp.BDDKeywordTestCaseTest
--------------------------------------------------------------------
Archiving test results is omitted.
Folder does not exist: C:\dev\SysNat\sources\sysnat.test.execution\src\test\resources\CalculatorTestApp\com
Cannot find unique file &amp;#39;BDDKeywordTestCase.nlxx&amp;#39; in directory: src/test/resources/CalculatorTestApp/com
No test executed. Check execution filter and executable examples.
[INFO] 
[INFO] Results:
[INFO] 
[INFO] Tests run: 1, Failures: 0, Errors: 0, Skipped: 0
[INFO] 
[INFO] ------------------------------------------------------------------------
[INFO] BUILD SUCCESS
[INFO] ------------------------------------------------------------------------
[INFO] Total time: 6.587 s
[INFO] Finished at: 2019-07-17T10:15:23+02:00
[INFO] ------------------------------------------------------------------------
</output>
            </test>
        </suite>
        <suite duration="764" locationUrl="java:suite://com.iksgmbh.sysnat.test.module_level.TestDataImport_ModuleLevelTest" name="TestDataImport_ModuleLevelTest" status="passed">
            <test duration="47" locationUrl="java:test://com.iksgmbh.sysnat.test.module_level.TestDataImport_ModuleLevelTest/loadsMultipleDatasetsFromDatFileSeries" name="TestDataImport_ModuleLevelTest.loadsMultipleDatasetsFromDatFileSeries" status="passed">
                <output type="stdout">SysNat v1.0.0 test environment initialisation...
Properties filename in use: C:\dev\SysNat\sources\sysnat.quality.assurance\..\sysnat.test.runtime.environment\src\main\resources\execution_properties/execution.properties
settings.config used: C:\dev\SysNat\sources\sysnat.quality.assurance\..\sysnat.quality.assurance\src\test\resources\testSettingConfigs\HomePageIKS.config
Properties filename in use: C:\dev\SysNat\sources\sysnat.quality.assurance\..\sysnat.quality.assurance\src\test\resources\testSettingConfigs\HomePageIKS.config
Properties filename in use: C:\dev\SysNat\sources\sysnat.quality.assurance\..\sysnat.test.runtime.environment\src\main\resources\execution_properties/HomePageIKS.properties
Starting HomePageIKS on PRODUCTION at 17.07.2019 10h 15min 23sec...
1. XXId: TestCaseForTestPurpose
Test Result: OK
</output>
            </test>
            <test duration="655" locationUrl="java:test://com.iksgmbh.sysnat.test.module_level.TestDataImport_ModuleLevelTest/loadsMultipleDatasetsFromExcelFile" name="TestDataImport_ModuleLevelTest.loadsMultipleDatasetsFromExcelFile" status="passed">
                <output type="stdout">SysNat v1.0.0 test environment initialisation...
Properties filename in use: C:\dev\SysNat\sources\sysnat.quality.assurance\..\sysnat.test.runtime.environment\src\main\resources\execution_properties/execution.properties
settings.config used: C:\dev\SysNat\sources\sysnat.quality.assurance\..\sysnat.quality.assurance\src\test\resources\testSettingConfigs\HomePageIKS.config
Properties filename in use: C:\dev\SysNat\sources\sysnat.quality.assurance\..\sysnat.quality.assurance\src\test\resources\testSettingConfigs\HomePageIKS.config
Properties filename in use: C:\dev\SysNat\sources\sysnat.quality.assurance\..\sysnat.test.runtime.environment\src\main\resources\execution_properties/HomePageIKS.properties
Starting HomePageIKS on PRODUCTION at 17.07.2019 10h 15min 23sec...
1. XXId: TestCaseForTestPurpose
Test Result: OK
</output>
            </test>
            <test duration="15" locationUrl="java:test://com.iksgmbh.sysnat.test.module_level.TestDataImport_ModuleLevelTest/loadsMultipleDatasetsFromSingleDatFiles" name="TestDataImport_ModuleLevelTest.loadsMultipleDatasetsFromSingleDatFiles" status="passed">
                <output type="stdout">SysNat v1.0.0 test environment initialisation...
Properties filename in use: C:\dev\SysNat\sources\sysnat.quality.assurance\..\sysnat.test.runtime.environment\src\main\resources\execution_properties/execution.properties
settings.config used: C:\dev\SysNat\sources\sysnat.quality.assurance\..\sysnat.quality.assurance\src\test\resources\testSettingConfigs\HomePageIKS.config
Properties filename in use: C:\dev\SysNat\sources\sysnat.quality.assurance\..\sysnat.quality.assurance\src\test\resources\testSettingConfigs\HomePageIKS.config
Properties filename in use: C:\dev\SysNat\sources\sysnat.quality.assurance\..\sysnat.test.runtime.environment\src\main\resources\execution_properties/HomePageIKS.properties
Starting HomePageIKS on PRODUCTION at 17.07.2019 10h 15min 23sec...
1. XXId: TestCaseForTestPurpose
Test Result: OK
</output>
            </test>
            <test duration="47" locationUrl="java:test://com.iksgmbh.sysnat.test.module_level.TestDataImport_ModuleLevelTest/loadsMultipleDatasetsFromRotatedExcelFile" name="TestDataImport_ModuleLevelTest.loadsMultipleDatasetsFromRotatedExcelFile" status="passed">
                <output type="stdout">SysNat v1.0.0 test environment initialisation...
Properties filename in use: C:\dev\SysNat\sources\sysnat.quality.assurance\..\sysnat.test.runtime.environment\src\main\resources\execution_properties/execution.properties
settings.config used: C:\dev\SysNat\sources\sysnat.quality.assurance\..\sysnat.quality.assurance\src\test\resources\testSettingConfigs\HomePageIKS.config
Properties filename in use: C:\dev\SysNat\sources\sysnat.quality.assurance\..\sysnat.quality.assurance\src\test\resources\testSettingConfigs\HomePageIKS.config
Properties filename in use: C:\dev\SysNat\sources\sysnat.quality.assurance\..\sysnat.test.runtime.environment\src\main\resources\execution_properties/HomePageIKS.properties
Starting HomePageIKS on PRODUCTION at 17.07.2019 10h 15min 23sec...
1. XXId: TestCaseForTestPurpose
Test Result: OK
</output>
            </test>
        </suite>
        <suite duration="15097" locationUrl="java:suite://com.iksgmbh.sysnat.test.module_level.TestExecution_ModuleLevelTest" name="TestExecution_ModuleLevelTest" status="passed">
            <test duration="7666" locationUrl="java:test://com.iksgmbh.sysnat.test.module_level.TestExecution_ModuleLevelTest/compilesAndExecutes_FakeTestCase_InTestExecutionDir" name="TestExecution_ModuleLevelTest.compilesAndExecutes_FakeTestCase_InTestExecutionDir" status="passed">
                <output type="stdout">Nothing to delete. Directory &amp;#39;C:\dev\SysNat\sources\sysnat.quality.assurance\..\sysnat.test.execution\src\test\gen&amp;#39; does not exist.
Properties filename in use: C:\dev\SysNat\sources\sysnat.quality.assurance\..\sysnat.quality.assurance\src\test\resources\testdata\FakeTestApp/execution.properties
settings.config used: C:\dev\SysNat\sources\sysnat.quality.assurance\..\sysnat.quality.assurance\src\test\resources\testdata\FakeTestApp\settings.config
Properties filename in use: C:\dev\SysNat\sources\sysnat.quality.assurance\..\sysnat.quality.assurance\src\test\resources\testdata\FakeTestApp\settings.config
Properties filename in use: C:\dev\SysNat\sources\sysnat.quality.assurance\..\sysnat.quality.assurance\src\test\resources\testdata\FakeTestApp/FakeTestApp.properties
Starting FakeTestApp on LOCAL at 17.07.2019 10h 15min 23sec...
[WARN] Maven will be executed in interactive mode, but no input stream has been configured for this MavenInvoker instance.
[INFO] Scanning for projects...
[INFO] 
[INFO] ---------------&amp;lt; com.iksgmbh.snt:sysnat.test.execution &amp;gt;----------------
[INFO] Building SNT Test Execution Module 1.0.0
[INFO] --------------------------------[ jar ]---------------------------------
[INFO] 
[INFO] --- maven-clean-plugin:2.5:clean (default-clean) @ sysnat.test.execution ---
[INFO] Deleting C:\dev\SysNat\sources\sysnat.test.execution\target
[INFO] 
[INFO] --- maven-resources-plugin:2.6:resources (default-resources) @ sysnat.test.execution ---
[WARNING] Using platform encoding (UTF-8 actually) to copy filtered resources, i.e. build is platform dependent!
[INFO] skip non existing resourceDirectory C:\dev\SysNat\sources\sysnat.test.execution\src\main\resources
[INFO] 
[INFO] --- maven-compiler-plugin:3.7.0:compile (default-compile) @ sysnat.test.execution ---
[INFO] No sources to compile
[INFO] 
[INFO] --- maven-resources-plugin:2.6:testResources (default-testResources) @ sysnat.test.execution ---
[WARNING] Using platform encoding (UTF-8 actually) to copy filtered resources, i.e. build is platform dependent!
[INFO] skip non existing resourceDirectory C:\dev\SysNat\sources\sysnat.test.execution\src\test\resources
[INFO] 
[INFO] --- maven-compiler-plugin:3.7.0:testCompile (default-testCompile) @ sysnat.test.execution ---
[INFO] Changes detected - recompiling the module!
[WARNING] File encoding has not been set, using platform encoding UTF-8, i.e. build is platform dependent!
[INFO] Compiling 1 source file to C:\dev\SysNat\sources\sysnat.test.execution\target\test-classes
[INFO] 
[INFO] --- maven-surefire-plugin:2.21.0:test (default-test) @ sysnat.test.execution ---
[INFO] 
[INFO] -------------------------------------------------------
[INFO]  T E S T S
[INFO] -------------------------------------------------------
[INFO] Running com.iksgmbh.sysnat.test.integration.testcase.FakeTestCase
[INFO] Tests run: 1, Failures: 0, Errors: 0, Skipped: 0, Time elapsed: 0.093 s - in com.iksgmbh.sysnat.test.integration.testcase.FakeTestCase
[INFO] 
[INFO] Results:
[INFO] 
[INFO] Tests run: 1, Failures: 0, Errors: 0, Skipped: 0
[INFO] 
[INFO] ------------------------------------------------------------------------
[INFO] BUILD SUCCESS
[INFO] ------------------------------------------------------------------------
[INFO] Total time: 5.572 s
[INFO] Finished at: 2019-07-17T10:15:31+02:00
[INFO] ------------------------------------------------------------------------
</output>
            </test>
            <test duration="7431" locationUrl="java:test://com.iksgmbh.sysnat.test.module_level.TestExecution_ModuleLevelTest/compilesAndExecutes_MiniTestCaseWithScript_InTestExecutionDir" name="TestExecution_ModuleLevelTest.compilesAndExecutes_MiniTestCaseWithScript_InTestExecutionDir" status="passed">
                <output type="stdout">Properties filename in use: C:\dev\SysNat\sources\sysnat.quality.assurance\..\sysnat.quality.assurance\src\test\resources\testdata\MiniTestApp/execution.properties
settings.config used: C:\dev\SysNat\sources\sysnat.quality.assurance\..\sysnat.quality.assurance\src\test\resources\testdata\MiniTestApp\settings.config
Properties filename in use: C:\dev\SysNat\sources\sysnat.quality.assurance\..\sysnat.quality.assurance\src\test\resources\testdata\MiniTestApp\settings.config
Properties filename in use: C:\dev\SysNat\sources\sysnat.quality.assurance\..\sysnat.quality.assurance\src\test\resources\testdata\MiniTestApp/MiniTestCaseTest.properties
Starting MiniTestCaseTest on LOCAL at 17.07.2019 10h 15min 31sec...
[WARN] Maven will be executed in interactive mode, but no input stream has been configured for this MavenInvoker instance.
[INFO] Scanning for projects...
[INFO] 
[INFO] ---------------&amp;lt; com.iksgmbh.snt:sysnat.test.execution &amp;gt;----------------
[INFO] Building SNT Test Execution Module 1.0.0
[INFO] --------------------------------[ jar ]---------------------------------
[INFO] 
[INFO] --- maven-clean-plugin:2.5:clean (default-clean) @ sysnat.test.execution ---
[INFO] Deleting C:\dev\SysNat\sources\sysnat.test.execution\target
[INFO] 
[INFO] --- maven-resources-plugin:2.6:resources (default-resources) @ sysnat.test.execution ---
[WARNING] Using platform encoding (UTF-8 actually) to copy filtered resources, i.e. build is platform dependent!
[INFO] skip non existing resourceDirectory C:\dev\SysNat\sources\sysnat.test.execution\src\main\resources
[INFO] 
[INFO] --- maven-compiler-plugin:3.7.0:compile (default-compile) @ sysnat.test.execution ---
[INFO] No sources to compile
[INFO] 
[INFO] --- maven-resources-plugin:2.6:testResources (default-testResources) @ sysnat.test.execution ---
[WARNING] Using platform encoding (UTF-8 actually) to copy filtered resources, i.e. build is platform dependent!
[INFO] skip non existing resourceDirectory C:\dev\SysNat\sources\sysnat.test.execution\src\test\resources
[INFO] 
[INFO] --- maven-compiler-plugin:3.7.0:testCompile (default-testCompile) @ sysnat.test.execution ---
[INFO] Changes detected - recompiling the module!
[WARNING] File encoding has not been set, using platform encoding UTF-8, i.e. build is platform dependent!
[INFO] Compiling 2 source files to C:\dev\SysNat\sources\sysnat.test.execution\target\test-classes
[INFO] 
[INFO] --- maven-surefire-plugin:2.21.0:test (default-test) @ sysnat.test.execution ---
[INFO] 
[INFO] -------------------------------------------------------
[INFO]  T E S T S
[INFO] -------------------------------------------------------
[INFO] Running com.iksgmbh.sysnat.test.integration.testcase.MiniTestCaseTest
SysNat v1.0.0 test environment initialisation...
Properties filename in use: C:\dev\SysNat\sources\sysnat.quality.assurance\..\sysnat.quality.assurance\src\test\resources\testdata\MiniTestApp/execution.properties
settings.config used: C:\dev\SysNat\sources\sysnat.quality.assurance\..\sysnat.quality.assurance\src\test\resources\testdata\MiniTestApp\settings.config
Properties filename in use: C:\dev\SysNat\sources\sysnat.quality.assurance\..\sysnat.quality.assurance\src\test\resources\testdata\MiniTestApp\settings.config
Properties filename in use: C:\dev\SysNat\sources\sysnat.quality.assurance\..\sysnat.quality.assurance\src\test\resources\testdata\MiniTestApp/MiniTestCaseTest.properties
Starting MiniTestCaseTest on LOCAL at 17.07.2019 10h 15min 38sec...
--------------------------------------------------------------------
1. XXId: MiniTestCaseTest
Test Result: OK
Done with test case in 0min and 0sec.
Time passed: 01:00:00 (this test), 01:00:00 (total).
Intermediate Result: No tests excecuted so far.
[INFO] Tests run: 1, Failures: 0, Errors: 0, Skipped: 0, Time elapsed: 0.296 s - in com.iksgmbh.sysnat.test.integration.testcase.MiniTestCaseTest
--------------------------------------------------------------------
Archiving test results is omitted.
Folder does not exist: C:\dev\SysNat\sources\sysnat.test.execution\null\com
Cannot find unique file &amp;#39;MiniTestCase.nlxx&amp;#39; in directory: null/com
Folder does not exist: C:\dev\SysNat\sources\sysnat.test.execution\null\com
Cannot find unique file &amp;#39;MiniTestScript.nls&amp;#39; in directory: null/com
No test executed. Check execution filter and executable examples.
[INFO] 
[INFO] Results:
[INFO] 
[INFO] Tests run: 1, Failures: 0, Errors: 0, Skipped: 0
[INFO] 
[INFO] ------------------------------------------------------------------------
[INFO] BUILD SUCCESS
[INFO] ------------------------------------------------------------------------
[INFO] Total time: 5.604 s
[INFO] Finished at: 2019-07-17T10:15:38+02:00
[INFO] ------------------------------------------------------------------------
</output>
            </test>
        </suite>
        <suite duration="546" locationUrl="java:suite://com.iksgmbh.sysnat.test.module_level.TestcaseGeneration_ModuleLevelTest" name="TestcaseGeneration_ModuleLevelTest" status="ignored">
            <test duration="203" locationUrl="java:test://com.iksgmbh.sysnat.test.module_level.TestcaseGeneration_ModuleLevelTest/createsJUnitTestCaseForHomePageIKS" name="TestcaseGeneration_ModuleLevelTest.createsJUnitTestCaseForHomePageIKS" status="passed">
                <output type="stdout">Properties filename in use: C:\dev\SysNat\sources\sysnat.quality.assurance\..\sysnat.test.runtime.environment\src\main\resources\execution_properties/execution.properties
settings.config used: C:\dev\SysNat\sources\sysnat.quality.assurance\..\sysnat.quality.assurance\src\test\resources\testSettingConfigs\HomePageIKS.config
Properties filename in use: C:\dev\SysNat\sources\sysnat.quality.assurance\..\sysnat.quality.assurance\src\test\resources\testSettingConfigs\HomePageIKS.config
Properties filename in use: C:\dev\SysNat\sources\sysnat.quality.assurance\..\sysnat.test.runtime.environment\src\main\resources\execution_properties/HomePageIKS.properties
Starting HomePageIKS on PRODUCTION at 17.07.2019 10h 15min 39sec...
SysNat v1.0.0 test environment initialisation...
Properties filename in use: C:\dev\SysNat\sources\sysnat.quality.assurance\..\sysnat.test.runtime.environment\src\main\resources\execution_properties/execution.properties
settings.config used: C:\dev\SysNat\sources\sysnat.quality.assurance\..\sysnat.quality.assurance\src\test\resources\testSettingConfigs\HomePageIKS.config
Properties filename in use: C:\dev\SysNat\sources\sysnat.quality.assurance\..\sysnat.quality.assurance\src\test\resources\testSettingConfigs\HomePageIKS.config
Properties filename in use: C:\dev\SysNat\sources\sysnat.quality.assurance\..\sysnat.test.runtime.environment\src\main\resources\execution_properties/HomePageIKS.properties
Starting HomePageIKS on PRODUCTION at 17.07.2019 10h 15min 39sec...
homepageiks/hauptmenue/checkmainmenuitems/Downloads_Test.java
homepageiks/hauptmenue/checkmainmenuitems/Dienstleistungen_Test.java
homepageiks/hauptmenue/InactiveExampleTestTest.java
homepageiks/hauptmenue/checkmainmenuitems/Karriere_Test.java
homepageiks/hauptmenue/checkmainmenuitems/Kontakt_Test.java
homepageiks/hauptmenue/checkmainmenuitems/Unternehmen_Test.java
homepageiks/pdfcontent/CheckPdfContentTest.java
homepageiks/hauptmenue/checkmainmenuitems/Home_Test.java
--------------------------------------------------------------------
Done with generating JUnit test classes.
--------------------------------------------------------------------
</output>
            </test>
            <test duration="94" locationUrl="java:test://com.iksgmbh.sysnat.test.module_level.TestcaseGeneration_ModuleLevelTest/createsJavaFilesForParameterizedTest" name="TestcaseGeneration_ModuleLevelTest.createsJavaFilesForParameterizedTest" status="passed">
                <output type="stdout">Properties filename in use: C:\dev\SysNat\sources\sysnat.quality.assurance\..\sysnat.quality.assurance\src\test\resources\testdata\ParameterizedTestApp/execution.properties
settings.config used: C:\dev\SysNat\sources\sysnat.quality.assurance\..\sysnat.quality.assurance\src\test\resources\testdata\ParameterizedTestApp/settings.config
Properties filename in use: C:\dev\SysNat\sources\sysnat.quality.assurance\..\sysnat.quality.assurance\src\test\resources\testdata\ParameterizedTestApp/settings.config
Properties filename in use: C:\dev\SysNat\sources\sysnat.quality.assurance\..\sysnat.quality.assurance\src\test\resources\testdata\ParameterizedTestApp/ParameterizedTestApp.properties
Starting ParameterizedTestApp on LOCAL at 17.07.2019 10h 15min 39sec...
SysNat v1.0.0 test environment initialisation...
Properties filename in use: C:\dev\SysNat\sources\sysnat.quality.assurance\..\sysnat.quality.assurance\src\test\resources\testdata\ParameterizedTestApp/execution.properties
settings.config used: C:\dev\SysNat\sources\sysnat.quality.assurance\..\sysnat.quality.assurance\src\test\resources\testdata\ParameterizedTestApp/settings.config
Properties filename in use: C:\dev\SysNat\sources\sysnat.quality.assurance\..\sysnat.quality.assurance\src\test\resources\testdata\ParameterizedTestApp/settings.config
Properties filename in use: C:\dev\SysNat\sources\sysnat.quality.assurance\..\sysnat.quality.assurance\src\test\resources\testdata\ParameterizedTestApp/ParameterizedTestApp.properties
Starting ParameterizedTestApp on LOCAL at 17.07.2019 10h 15min 39sec...
parameterizedtestapp/parameterizedtestapp/ParameterizedTestTest.java
Nothing to delete. Directory &amp;#39;C:\dev\SysNat\sources\sysnat.quality.assurance\target\ParameterizedTestApp&amp;#39; does not exist.
--------------------------------------------------------------------
Done with generating JUnit test classes.
--------------------------------------------------------------------
</output>
            </test>
            <test duration="171" locationUrl="java:test://com.iksgmbh.sysnat.test.module_level.TestcaseGeneration_ModuleLevelTest/createsJavaFilesForHelloWorldSpringBoot" name="TestcaseGeneration_ModuleLevelTest.createsJavaFilesForHelloWorldSpringBoot" status="passed">
                <output type="stdout">Properties filename in use: C:\dev\SysNat\sources\sysnat.quality.assurance\..\sysnat.test.runtime.environment\src\main\resources\execution_properties/execution.properties
settings.config used: C:\dev\SysNat\sources\sysnat.quality.assurance\..\sysnat.quality.assurance\src\test\resources\testSettingConfigs\HelloWorldSpringBoot_All.config
Properties filename in use: C:\dev\SysNat\sources\sysnat.quality.assurance\..\sysnat.quality.assurance\src\test\resources\testSettingConfigs\HelloWorldSpringBoot_All.config
Properties filename in use: C:\dev\SysNat\sources\sysnat.quality.assurance\..\sysnat.test.runtime.environment\src\main\resources\execution_properties/HelloWorldSpringBoot.properties
Starting HelloWorldSpringBoot on LOCAL at 17.07.2019 10h 15min 39sec...
SysNat v1.0.0 test environment initialisation...
Properties filename in use: C:\dev\SysNat\sources\sysnat.quality.assurance\..\sysnat.test.runtime.environment\src\main\resources\execution_properties/execution.properties
settings.config used: C:\dev\SysNat\sources\sysnat.quality.assurance\..\sysnat.quality.assurance\src\test\resources\testSettingConfigs\HelloWorldSpringBoot_All.config
Properties filename in use: C:\dev\SysNat\sources\sysnat.quality.assurance\..\sysnat.quality.assurance\src\test\resources\testSettingConfigs\HelloWorldSpringBoot_All.config
Properties filename in use: C:\dev\SysNat\sources\sysnat.quality.assurance\..\sysnat.test.runtime.environment\src\main\resources\execution_properties/HelloWorldSpringBoot.properties
Starting HelloWorldSpringBoot on LOCAL at 17.07.2019 10h 15min 39sec...
helloworldspringboot/login/FailedLoginTest.java
helloworldspringboot/login/SmoketestTest.java
helloworldspringboot/greeting/TestParameterBasedGreetingTest.java
helloworldspringboot/greeting/GreetingWithTableTestParameterTest.java
helloworldspringboot/greeting/TestDataBasedGreeting2Test.java
helloworldspringboot/greeting/TestDataBasedGreeting5Test.java
helloworldspringboot/login/ReloginTest.java
helloworldspringboot/greeting/ScriptBasedGreetingTest.java
helloworldspringboot/greeting/TestDataBasedGreeting4Test.java
helloworldspringboot/greeting/SimpleGreetingTest.java
helloworldspringboot/greeting/GreetingWithTableTestDataTest.java
helloworldspringboot/greeting/TestDataBasedGreeting1Test.java
helloworldspringboot/greeting/TestDataBasedGreeting3Test.java
--------------------------------------------------------------------
Done with generating JUnit test classes.
--------------------------------------------------------------------
</output>
            </test>
            <test duration="0" locationUrl="java:test://com.iksgmbh.sysnat.test.module_level.TestcaseGeneration_ModuleLevelTest/createsScriptFileForHomePageIKS" name="TestcaseGeneration_ModuleLevelTest.createsScriptFileForHomePageIKS" status="ignored">
                <output type="stdout">Test ignored.
</output>
            </test>
            <test duration="47" locationUrl="java:test://com.iksgmbh.sysnat.test.module_level.TestcaseGeneration_ModuleLevelTest/createsEmptyTestCaseForFakeTestApp" name="TestcaseGeneration_ModuleLevelTest.createsEmptyTestCaseForFakeTestApp" status="passed">
                <output type="stdout">Properties filename in use: C:\dev\SysNat\sources\sysnat.quality.assurance\..\sysnat.quality.assurance\src\test\resources\testdata\FakeTestApp/execution.properties
settings.config used: C:\dev\SysNat\sources\sysnat.quality.assurance\..\sysnat.quality.assurance\src\test\resources\testdata\FakeTestApp/settings.config
Properties filename in use: C:\dev\SysNat\sources\sysnat.quality.assurance\..\sysnat.quality.assurance\src\test\resources\testdata\FakeTestApp/settings.config
Properties filename in use: C:\dev\SysNat\sources\sysnat.quality.assurance\..\sysnat.quality.assurance\src\test\resources\testdata\FakeTestApp/FakeTestApp.properties
Starting FakeTestApp on LOCAL at 17.07.2019 10h 15min 39sec...
Nothing to delete. Directory &amp;#39;C:\dev\SysNat\sources\sysnat.quality.assurance\..\sysnat.quality.assurance\target\faketestapp&amp;#39; does not exist.
SysNat v1.0.0 test environment initialisation...
Properties filename in use: C:\dev\SysNat\sources\sysnat.quality.assurance\..\sysnat.quality.assurance\src\test\resources\testdata\FakeTestApp/execution.properties
settings.config used: C:\dev\SysNat\sources\sysnat.quality.assurance\..\sysnat.quality.assurance\src\test\resources\testdata\FakeTestApp/settings.config
Properties filename in use: C:\dev\SysNat\sources\sysnat.quality.assurance\..\sysnat.quality.assurance\src\test\resources\testdata\FakeTestApp/settings.config
Properties filename in use: C:\dev\SysNat\sources\sysnat.quality.assurance\..\sysnat.quality.assurance\src\test\resources\testdata\FakeTestApp/FakeTestApp.properties
Starting FakeTestApp on LOCAL at 17.07.2019 10h 15min 39sec...
faketestapp/faketestapp/maindir/subdir/FakeTestCaseTest.java
faketestapp/faketestapp/maindir/subdir/TestDataDefinitionTest.java
Nothing to delete. Directory &amp;#39;C:\dev\SysNat\sources\sysnat.quality.assurance\target\FakeTestApp&amp;#39; does not exist.
--------------------------------------------------------------------
Done with generating JUnit test classes.
--------------------------------------------------------------------
</output>
            </test>
            <test duration="31" locationUrl="java:test://com.iksgmbh.sysnat.test.module_level.TestcaseGeneration_ModuleLevelTest/createsTestCaseWithTestDataInstructionForSingleValues" name="TestcaseGeneration_ModuleLevelTest.createsTestCaseWithTestDataInstructionForSingleValues" status="passed">
                <output type="stdout">Properties filename in use: C:\dev\SysNat\sources\sysnat.quality.assurance\..\sysnat.quality.assurance\src\test\resources\testdata\FakeTestApp/execution.properties
settings.config used: C:\dev\SysNat\sources\sysnat.quality.assurance\..\sysnat.quality.assurance\src\test\resources\testdata\FakeTestApp/settings.config
Properties filename in use: C:\dev\SysNat\sources\sysnat.quality.assurance\..\sysnat.quality.assurance\src\test\resources\testdata\FakeTestApp/settings.config
Properties filename in use: C:\dev\SysNat\sources\sysnat.quality.assurance\..\sysnat.quality.assurance\src\test\resources\testdata\FakeTestApp/FakeTestApp.properties
Starting FakeTestApp on LOCAL at 17.07.2019 10h 15min 39sec...
SysNat v1.0.0 test environment initialisation...
Properties filename in use: C:\dev\SysNat\sources\sysnat.quality.assurance\..\sysnat.quality.assurance\src\test\resources\testdata\FakeTestApp/execution.properties
settings.config used: C:\dev\SysNat\sources\sysnat.quality.assurance\..\sysnat.quality.assurance\src\test\resources\testdata\FakeTestApp/settings.config
Properties filename in use: C:\dev\SysNat\sources\sysnat.quality.assurance\..\sysnat.quality.assurance\src\test\resources\testdata\FakeTestApp/settings.config
Properties filename in use: C:\dev\SysNat\sources\sysnat.quality.assurance\..\sysnat.quality.assurance\src\test\resources\testdata\FakeTestApp/FakeTestApp.properties
Starting FakeTestApp on LOCAL at 17.07.2019 10h 15min 39sec...
faketestapp/faketestapp/maindir/subdir/FakeTestCaseTest.java
faketestapp/faketestapp/maindir/subdir/TestDataDefinitionTest.java
Nothing to delete. Directory &amp;#39;C:\dev\SysNat\sources\sysnat.quality.assurance\target\FakeTestApp&amp;#39; does not exist.
--------------------------------------------------------------------
Done with generating JUnit test classes.
--------------------------------------------------------------------
</output>
            </test>
        </suite>
    </suite>
</testrun>
