<?xml version="1.0" encoding="UTF-8"?><testrun duration="545" footerText="Generated by IntelliJ IDEA on 17.07.19 10:14" name="Execute ModuleLevelTests">
    <count name="total" value="14"/>
    <count name="error" value="13"/>
    <count name="ignored" value="1"/>
    <config configId="JUnit" name="Execute ModuleLevelTests">
        <module name="sysnat.quality.assurance"/>
        <option name="MAIN_CLASS_NAME" value=""/>
        <option name="METHOD_NAME" value=""/>
        <option name="TEST_OBJECT" value="pattern"/>
        <option name="PARAMETERS" value=""/>
        <option name="WORKING_DIRECTORY" value="$MODULE_DIR$/.."/>
        <patterns>
            <pattern testClass="^.*ModuleLevelTest.*$"/>
        </patterns>
    </config>
    <root name="&lt;default package&gt;" location="java:suite://&lt;default package&gt;">
        <output type="stdout">C:\dev\SysNat\java\bin\java.exe -ea -Didea.test.cyclic.buffer.size=1048576 -javaagent:C:\dev\SysNat\IntelliJ\lib\idea_rt.jar=53723:C:\dev\SysNat\IntelliJ\bin -Dfile.encoding=UTF-8 -classpath C:\dev\SysNat\IntelliJ\lib\idea_rt.jar;C:\dev\SysNat\IntelliJ\plugins\junit\lib\junit-rt.jar;C:\dev\SysNat\IntelliJ\plugins\junit\lib\junit5-rt.jar;C:\dev\SysNat\java\jre\lib\charsets.jar;C:\dev\SysNat\java\jre\lib\deploy.jar;C:\dev\SysNat\java\jre\lib\ext\access-bridge-64.jar;C:\dev\SysNat\java\jre\lib\ext\cldrdata.jar;C:\dev\SysNat\java\jre\lib\ext\dnsns.jar;C:\dev\SysNat\java\jre\lib\ext\jaccess.jar;C:\dev\SysNat\java\jre\lib\ext\jfxrt.jar;C:\dev\SysNat\java\jre\lib\ext\localedata.jar;C:\dev\SysNat\java\jre\lib\ext\nashorn.jar;C:\dev\SysNat\java\jre\lib\ext\sunec.jar;C:\dev\SysNat\java\jre\lib\ext\sunjce_provider.jar;C:\dev\SysNat\java\jre\lib\ext\sunmscapi.jar;C:\dev\SysNat\java\jre\lib\ext\sunpkcs11.jar;C:\dev\SysNat\java\jre\lib\ext\zipfs.jar;C:\dev\SysNat\java\jre\lib\javaws.jar;C:\dev\SysNat\java\jre\lib\jce.jar;C:\dev\SysNat\java\jre\lib\jfr.jar;C:\dev\SysNat\java\jre\lib\jfxswt.jar;C:\dev\SysNat\java\jre\lib\jsse.jar;C:\dev\SysNat\java\jre\lib\management-agent.jar;C:\dev\SysNat\java\jre\lib\plugin.jar;C:\dev\SysNat\java\jre\lib\resources.jar;C:\dev\SysNat\java\jre\lib\rt.jar;C:\dev\SysNat\sources\sysnat.quality.assurance\target\test-classes;C:\dev\SysNat\sources\sysnat.quality.assurance\target\classes;C:\dev\SysNat\sources\sysnat.testdata.import\target\classes;C:\dev\SysNat\maven\localRepository\org\apache\poi\poi-ooxml\3.10-FINAL\poi-ooxml-3.10-FINAL.jar;C:\dev\SysNat\maven\localRepository\org\apache\poi\poi\3.10-FINAL\poi-3.10-FINAL.jar;C:\dev\SysNat\maven\localRepository\org\apache\poi\poi-ooxml-schemas\3.10-FINAL\poi-ooxml-schemas-3.10-FINAL.jar;C:\dev\SysNat\maven\localRepository\org\apache\xmlbeans\xmlbeans\2.3.0\xmlbeans-2.3.0.jar;C:\dev\SysNat\maven\localRepository\stax\stax-api\1.0.1\stax-api-1.0.1.jar;C:\dev\SysNat\maven\localRepository\dom4j\dom4j\1.6.1\dom4j-1.6.1.jar;C:\dev\SysNat\maven\localRepository\xml-apis\xml-apis\1.0.b2\xml-apis-1.0.b2.jar;C:\dev\SysNat\maven\localRepository\com\testautomationguru\pdfutil\pdf-util\0.0.2\pdf-util-0.0.2.jar;C:\dev\SysNat\maven\localRepository\org\apache\pdfbox\pdfbox\2.0.6\pdfbox-2.0.6.jar;C:\dev\SysNat\maven\localRepository\org\apache\pdfbox\fontbox\2.0.6\fontbox-2.0.6.jar;C:\dev\SysNat\maven\localRepository\org\apache\pdfbox\pdfbox-tools\2.0.6\pdfbox-tools-2.0.6.jar;C:\dev\SysNat\maven\localRepository\org\apache\pdfbox\pdfbox-debugger\2.0.6\pdfbox-debugger-2.0.6.jar;C:\dev\SysNat\maven\localRepository\commons-io\commons-io\2.5\commons-io-2.5.jar;C:\dev\SysNat\maven\localRepository\org\seleniumhq\selenium\selenium-java\3.13.0\selenium-java-3.13.0.jar;C:\dev\SysNat\maven\localRepository\org\seleniumhq\selenium\selenium-api\3.13.0\selenium-api-3.13.0.jar;C:\dev\SysNat\maven\localRepository\org\seleniumhq\selenium\selenium-chrome-driver\3.13.0\selenium-chrome-driver-3.13.0.jar;C:\dev\SysNat\maven\localRepository\org\seleniumhq\selenium\selenium-edge-driver\3.13.0\selenium-edge-driver-3.13.0.jar;C:\dev\SysNat\maven\localRepository\org\seleniumhq\selenium\selenium-firefox-driver\3.13.0\selenium-firefox-driver-3.13.0.jar;C:\dev\SysNat\maven\localRepository\org\seleniumhq\selenium\selenium-ie-driver\3.13.0\selenium-ie-driver-3.13.0.jar;C:\dev\SysNat\maven\localRepository\org\seleniumhq\selenium\selenium-opera-driver\3.13.0\selenium-opera-driver-3.13.0.jar;C:\dev\SysNat\maven\localRepository\org\seleniumhq\selenium\selenium-remote-driver\3.13.0\selenium-remote-driver-3.13.0.jar;C:\dev\SysNat\maven\localRepository\org\seleniumhq\selenium\selenium-safari-driver\3.13.0\selenium-safari-driver-3.13.0.jar;C:\dev\SysNat\maven\localRepository\org\seleniumhq\selenium\selenium-support\3.13.0\selenium-support-3.13.0.jar;C:\dev\SysNat\maven\localRepository\net\bytebuddy\byte-buddy\1.8.3\byte-buddy-1.8.3.jar;C:\dev\SysNat\maven\localRepository\org\apache\commons\commons-exec\1.3\commons-exec-1.3.jar;C:\dev\SysNat\maven\localRepository\commons-codec\commons-codec\1.10\commons-codec-1.10.jar;C:\dev\SysNat\maven\localRepository\commons-logging\commons-logging\1.2\commons-logging-1.2.jar;C:\dev\SysNat\maven\localRepository\com\google\code\gson\gson\2.8.4\gson-2.8.4.jar;C:\dev\SysNat\maven\localRepository\com\google\guava\guava\25.0-jre\guava-25.0-jre.jar;C:\dev\SysNat\maven\localRepository\com\google\code\findbugs\jsr305\1.3.9\jsr305-1.3.9.jar;C:\dev\SysNat\maven\localRepository\org\checkerframework\checker-compat-qual\2.0.0\checker-compat-qual-2.0.0.jar;C:\dev\SysNat\maven\localRepository\com\google\errorprone\error_prone_annotations\2.1.3\error_prone_annotations-2.1.3.jar;C:\dev\SysNat\maven\localRepository\com\google\j2objc\j2objc-annotations\1.1\j2objc-annotations-1.1.jar;C:\dev\SysNat\maven\localRepository\org\codehaus\mojo\animal-sniffer-annotations\1.14\animal-sniffer-annotations-1.14.jar;C:\dev\SysNat\maven\localRepository\org\apache\httpcomponents\httpclient\4.5.5\httpclient-4.5.5.jar;C:\dev\SysNat\maven\localRepository\org\apache\httpcomponents\httpcore\4.4.9\httpcore-4.4.9.jar;C:\dev\SysNat\maven\localRepository\com\squareup\okhttp3\okhttp\3.10.0\okhttp-3.10.0.jar;C:\dev\SysNat\maven\localRepository\com\squareup\okio\okio\1.14.1\okio-1.14.1.jar;C:\dev\SysNat\sources\sysnat.test.runtime.environment\target\classes;C:\dev\SysNat\sources\sysnat.testresult.archiving\target\classes;C:\dev\SysNat\maven\localRepository\net\java\dev\jna\jna\4.1.0\jna-4.1.0.jar;C:\dev\SysNat\sources\sysnat.testcase.generation\target\classes;C:\dev\SysNat\sources\sysnat.natural.language.executable.examples\target\classes;C:\dev\SysNat\maven\localRepository\org\apache\maven\shared\maven-invoker\3.0.1\maven-invoker-3.0.1.jar;C:\dev\SysNat\maven\localRepository\org\apache\maven\shared\maven-shared-utils\3.2.1\maven-shared-utils-3.2.1.jar;C:\dev\SysNat\maven\localRepository\org\codehaus\plexus\plexus-component-annotations\1.7.1\plexus-component-annotations-1.7.1.jar;C:\dev\SysNat\sources\sysnat.common\target\classes;C:\dev\SysNat\maven\localRepository\com\itextpdf\itextpdf\5.0.6\itextpdf-5.0.6.jar;C:\dev\SysNat\maven\localRepository\org\bouncycastle\bcmail-jdk14\1.38\bcmail-jdk14-1.38.jar;C:\dev\SysNat\maven\localRepository\org\bouncycastle\bcprov-jdk14\1.38\bcprov-jdk14-1.38.jar;C:\dev\SysNat\maven\localRepository\org\bouncycastle\bctsp-jdk14\1.38\bctsp-jdk14-1.38.jar;C:\dev\SysNat\maven\localRepository\junit\junit\4.12\junit-4.12.jar;C:\dev\SysNat\maven\localRepository\org\hamcrest\hamcrest-core\1.3\hamcrest-core-1.3.jar;C:\dev\SysNat\maven\localRepository\joda-time\joda-time\2.9.9\joda-time-2.9.9.jar com.intellij.rt.execution.junit.JUnitStarter -ideVersion5 @w@C:\Users\xi325560.SCBDE\AppData\Local\Temp\idea_working_dirs_junit.tmp @C:\Users\xi325560.SCBDE\AppData\Local\Temp\idea_junit.tmp -socket53722
Process finished with exit code -1
</output>
    </root>
    <suite duration="545" locationUrl="java:suite://com.iksgmbh.sysnat.test.ModuleLevelTestExecutor" name="ModuleLevelTestExecutor" status="error">
        <suite duration="109" locationUrl="java:suite://com.iksgmbh.sysnat.test.module_level.CalculatorApp_ModuleLevelTest" name="CalculatorApp_ModuleLevelTest" status="error">
            <test duration="109" locationUrl="java:test://com.iksgmbh.sysnat.test.module_level.CalculatorApp_ModuleLevelTest/compilesAndExecutesXX_withBehaviourLevelInstructions_andCreatesTestReport" name="CalculatorApp_ModuleLevelTest.compilesAndExecutesXX_withBehaviourLevelInstructions_andCreatesTestReport" status="error">
                <output type="stdout">Nothing to delete. Directory &amp;#39;C:\dev\SysNat\sources\..\sysnat.test.execution\src\test\gen&amp;#39; does not exist.
Nothing to delete. Directory &amp;#39;C:\dev\SysNat\sources\..\sysnat.test.execution\src\main\java&amp;#39; does not exist.
Nothing to delete. Directory &amp;#39;C:\dev\SysNat\sources\..\sysnat.test.execution\src\test\gen&amp;#39; does not exist.
</output>
                <output type="stderr">java.lang.NullPointerException&#13;
	at java.util.Objects.requireNonNull(Objects.java:203)&#13;
	at java.util.Arrays$ArrayList.&amp;lt;init&amp;gt;(Arrays.java:3813)&#13;
	at java.util.Arrays.asList(Arrays.java:3800)&#13;
	at com.iksgmbh.sysnat.test.module_level.CalculatorApp_ModuleLevelTest.setup(CalculatorApp_ModuleLevelTest.java:56)&#13;
	at sun.reflect.NativeMethodAccessorImpl.invoke0(Native Method)&#13;
	at sun.reflect.NativeMethodAccessorImpl.invoke(NativeMethodAccessorImpl.java:62)&#13;
	at sun.reflect.DelegatingMethodAccessorImpl.invoke(DelegatingMethodAccessorImpl.java:43)&#13;
	at java.lang.reflect.Method.invoke(Method.java:497)&#13;
	at org.junit.runners.model.FrameworkMethod$1.runReflectiveCall(FrameworkMethod.java:50)&#13;
	at org.junit.internal.runners.model.ReflectiveCallable.run(ReflectiveCallable.java:12)&#13;
	at org.junit.runners.model.FrameworkMethod.invokeExplosively(FrameworkMethod.java:47)&#13;
	at org.junit.internal.runners.statements.RunBefores.evaluate(RunBefores.java:24)&#13;
	at org.junit.internal.runners.statements.RunAfters.evaluate(RunAfters.java:27)&#13;
	at org.junit.runners.ParentRunner.runLeaf(ParentRunner.java:325)&#13;
	at org.junit.runners.BlockJUnit4ClassRunner.runChild(BlockJUnit4ClassRunner.java:78)&#13;
	at org.junit.runners.BlockJUnit4ClassRunner.runChild(BlockJUnit4ClassRunner.java:57)&#13;
	at org.junit.runners.ParentRunner$3.run(ParentRunner.java:290)&#13;
	at org.junit.runners.ParentRunner$1.schedule(ParentRunner.java:71)&#13;
	at org.junit.runners.ParentRunner.runChildren(ParentRunner.java:288)&#13;
	at org.junit.runners.ParentRunner.access$000(ParentRunner.java:58)&#13;
	at org.junit.runners.ParentRunner$2.evaluate(ParentRunner.java:268)&#13;
	at org.junit.runners.ParentRunner.run(ParentRunner.java:363)&#13;
	at org.junit.runners.Suite.runChild(Suite.java:128)&#13;
	at org.junit.runners.Suite.runChild(Suite.java:27)&#13;
	at org.junit.runners.ParentRunner$3.run(ParentRunner.java:290)&#13;
	at org.junit.runners.ParentRunner$1.schedule(ParentRunner.java:71)&#13;
	at org.junit.runners.ParentRunner.runChildren(ParentRunner.java:288)&#13;
	at org.junit.runners.ParentRunner.access$000(ParentRunner.java:58)&#13;
	at org.junit.runners.ParentRunner$2.evaluate(ParentRunner.java:268)&#13;
	at org.junit.runners.ParentRunner.run(ParentRunner.java:363)&#13;
	at org.junit.extensions.cpsuite.ClasspathSuite.run(ClasspathSuite.java:211)&#13;
	at org.junit.runners.Suite.runChild(Suite.java:128)&#13;
	at org.junit.runners.Suite.runChild(Suite.java:27)&#13;
	at org.junit.runners.ParentRunner$3.run(ParentRunner.java:290)&#13;
	at org.junit.runners.ParentRunner$1.schedule(ParentRunner.java:71)&#13;
	at org.junit.runners.ParentRunner.runChildren(ParentRunner.java:288)&#13;
	at org.junit.runners.ParentRunner.access$000(ParentRunner.java:58)&#13;
	at org.junit.runners.ParentRunner$2.evaluate(ParentRunner.java:268)&#13;
	at org.junit.runners.ParentRunner.run(ParentRunner.java:363)&#13;
	at org.junit.runner.JUnitCore.run(JUnitCore.java:137)&#13;
	at com.intellij.junit4.JUnit4IdeaTestRunner.startRunnerWithArgs(JUnit4IdeaTestRunner.java:68)&#13;
	at com.intellij.rt.execution.junit.IdeaTestRunner$Repeater.startRunnerWithArgs(IdeaTestRunner.java:47)&#13;
	at com.intellij.rt.execution.junit.JUnitStarter.prepareStreamsAndStart(JUnitStarter.java:242)&#13;
	at com.intellij.rt.execution.junit.JUnitStarter.main(JUnitStarter.java:70)&#13;
</output>
            </test>
            <test duration="0" locationUrl="java:test://com.iksgmbh.sysnat.test.module_level.CalculatorApp_ModuleLevelTest/compilesAndExecutesXX_with_BDDKeyword" name="CalculatorApp_ModuleLevelTest.compilesAndExecutesXX_with_BDDKeyword" status="error">
                <output type="stdout">Nothing to delete. Directory &amp;#39;C:\dev\SysNat\sources\..\sysnat.test.execution\src\test\gen&amp;#39; does not exist.
Nothing to delete. Directory &amp;#39;C:\dev\SysNat\sources\..\sysnat.test.execution\src\main\java&amp;#39; does not exist.
Nothing to delete. Directory &amp;#39;C:\dev\SysNat\sources\..\sysnat.test.execution\src\test\gen&amp;#39; does not exist.
</output>
                <output type="stderr">java.lang.NullPointerException&#13;
	at java.util.Objects.requireNonNull(Objects.java:203)&#13;
	at java.util.Arrays$ArrayList.&amp;lt;init&amp;gt;(Arrays.java:3813)&#13;
	at java.util.Arrays.asList(Arrays.java:3800)&#13;
	at com.iksgmbh.sysnat.test.module_level.CalculatorApp_ModuleLevelTest.setup(CalculatorApp_ModuleLevelTest.java:56)&#13;
	at sun.reflect.NativeMethodAccessorImpl.invoke0(Native Method)&#13;
	at sun.reflect.NativeMethodAccessorImpl.invoke(NativeMethodAccessorImpl.java:62)&#13;
	at sun.reflect.DelegatingMethodAccessorImpl.invoke(DelegatingMethodAccessorImpl.java:43)&#13;
	at java.lang.reflect.Method.invoke(Method.java:497)&#13;
	at org.junit.runners.model.FrameworkMethod$1.runReflectiveCall(FrameworkMethod.java:50)&#13;
	at org.junit.internal.runners.model.ReflectiveCallable.run(ReflectiveCallable.java:12)&#13;
	at org.junit.runners.model.FrameworkMethod.invokeExplosively(FrameworkMethod.java:47)&#13;
	at org.junit.internal.runners.statements.RunBefores.evaluate(RunBefores.java:24)&#13;
	at org.junit.internal.runners.statements.RunAfters.evaluate(RunAfters.java:27)&#13;
	at org.junit.runners.ParentRunner.runLeaf(ParentRunner.java:325)&#13;
	at org.junit.runners.BlockJUnit4ClassRunner.runChild(BlockJUnit4ClassRunner.java:78)&#13;
	at org.junit.runners.BlockJUnit4ClassRunner.runChild(BlockJUnit4ClassRunner.java:57)&#13;
	at org.junit.runners.ParentRunner$3.run(ParentRunner.java:290)&#13;
	at org.junit.runners.ParentRunner$1.schedule(ParentRunner.java:71)&#13;
	at org.junit.runners.ParentRunner.runChildren(ParentRunner.java:288)&#13;
	at org.junit.runners.ParentRunner.access$000(ParentRunner.java:58)&#13;
	at org.junit.runners.ParentRunner$2.evaluate(ParentRunner.java:268)&#13;
	at org.junit.runners.ParentRunner.run(ParentRunner.java:363)&#13;
	at org.junit.runners.Suite.runChild(Suite.java:128)&#13;
	at org.junit.runners.Suite.runChild(Suite.java:27)&#13;
	at org.junit.runners.ParentRunner$3.run(ParentRunner.java:290)&#13;
	at org.junit.runners.ParentRunner$1.schedule(ParentRunner.java:71)&#13;
	at org.junit.runners.ParentRunner.runChildren(ParentRunner.java:288)&#13;
	at org.junit.runners.ParentRunner.access$000(ParentRunner.java:58)&#13;
	at org.junit.runners.ParentRunner$2.evaluate(ParentRunner.java:268)&#13;
	at org.junit.runners.ParentRunner.run(ParentRunner.java:363)&#13;
	at org.junit.extensions.cpsuite.ClasspathSuite.run(ClasspathSuite.java:211)&#13;
	at org.junit.runners.Suite.runChild(Suite.java:128)&#13;
	at org.junit.runners.Suite.runChild(Suite.java:27)&#13;
	at org.junit.runners.ParentRunner$3.run(ParentRunner.java:290)&#13;
	at org.junit.runners.ParentRunner$1.schedule(ParentRunner.java:71)&#13;
	at org.junit.runners.ParentRunner.runChildren(ParentRunner.java:288)&#13;
	at org.junit.runners.ParentRunner.access$000(ParentRunner.java:58)&#13;
	at org.junit.runners.ParentRunner$2.evaluate(ParentRunner.java:268)&#13;
	at org.junit.runners.ParentRunner.run(ParentRunner.java:363)&#13;
	at org.junit.runner.JUnitCore.run(JUnitCore.java:137)&#13;
	at com.intellij.junit4.JUnit4IdeaTestRunner.startRunnerWithArgs(JUnit4IdeaTestRunner.java:68)&#13;
	at com.intellij.rt.execution.junit.IdeaTestRunner$Repeater.startRunnerWithArgs(IdeaTestRunner.java:47)&#13;
	at com.intellij.rt.execution.junit.JUnitStarter.prepareStreamsAndStart(JUnitStarter.java:242)&#13;
	at com.intellij.rt.execution.junit.JUnitStarter.main(JUnitStarter.java:70)&#13;
</output>
            </test>
        </suite>
        <suite duration="156" locationUrl="java:suite://com.iksgmbh.sysnat.test.module_level.TestDataImport_ModuleLevelTest" name="TestDataImport_ModuleLevelTest" status="error">
            <test duration="140" locationUrl="java:test://com.iksgmbh.sysnat.test.module_level.TestDataImport_ModuleLevelTest/loadsMultipleDatasetsFromDatFileSeries" name="TestDataImport_ModuleLevelTest.loadsMultipleDatasetsFromDatFileSeries" status="error">
                <output type="stdout">SysNat v1.0.0 test environment initialisation...
</output>
                <output type="stderr">java.lang.RuntimeException: The following necessary file is missing: C:\dev\SysNat\sources\sources\sysnat.test.runtime.environment\src\main\resources\execution_properties\execution.properties
	at com.iksgmbh.sysnat.ExecutionRuntimeInfo.addToSystemProperties(ExecutionRuntimeInfo.java:307)
	at com.iksgmbh.sysnat.ExecutionRuntimeInfo.&amp;lt;init&amp;gt;(ExecutionRuntimeInfo.java:121)
	at com.iksgmbh.sysnat.ExecutionRuntimeInfo.getInstance(ExecutionRuntimeInfo.java:113)
	at com.iksgmbh.sysnat.test.module_level.TestDataImport_ModuleLevelTest.loadsMultipleDatasetsFromDatFileSeries(TestDataImport_ModuleLevelTest.java:87)
	at sun.reflect.NativeMethodAccessorImpl.invoke0(Native Method)
	at sun.reflect.NativeMethodAccessorImpl.invoke(NativeMethodAccessorImpl.java:62)
	at sun.reflect.DelegatingMethodAccessorImpl.invoke(DelegatingMethodAccessorImpl.java:43)
	at java.lang.reflect.Method.invoke(Method.java:497)
	at org.junit.runners.model.FrameworkMethod$1.runReflectiveCall(FrameworkMethod.java:50)
	at org.junit.internal.runners.model.ReflectiveCallable.run(ReflectiveCallable.java:12)
	at org.junit.runners.model.FrameworkMethod.invokeExplosively(FrameworkMethod.java:47)
	at org.junit.internal.runners.statements.InvokeMethod.evaluate(InvokeMethod.java:17)
	at org.junit.internal.runners.statements.RunBefores.evaluate(RunBefores.java:26)
	at org.junit.runners.ParentRunner.runLeaf(ParentRunner.java:325)
	at org.junit.runners.BlockJUnit4ClassRunner.runChild(BlockJUnit4ClassRunner.java:78)
	at org.junit.runners.BlockJUnit4ClassRunner.runChild(BlockJUnit4ClassRunner.java:57)
	at org.junit.runners.ParentRunner$3.run(ParentRunner.java:290)
	at org.junit.runners.ParentRunner$1.schedule(ParentRunner.java:71)
	at org.junit.runners.ParentRunner.runChildren(ParentRunner.java:288)
	at org.junit.runners.ParentRunner.access$000(ParentRunner.java:58)
	at org.junit.runners.ParentRunner$2.evaluate(ParentRunner.java:268)
	at org.junit.runners.ParentRunner.run(ParentRunner.java:363)
	at org.junit.runners.Suite.runChild(Suite.java:128)
	at org.junit.runners.Suite.runChild(Suite.java:27)
	at org.junit.runners.ParentRunner$3.run(ParentRunner.java:290)
	at org.junit.runners.ParentRunner$1.schedule(ParentRunner.java:71)
	at org.junit.runners.ParentRunner.runChildren(ParentRunner.java:288)
	at org.junit.runners.ParentRunner.access$000(ParentRunner.java:58)
	at org.junit.runners.ParentRunner$2.evaluate(ParentRunner.java:268)
	at org.junit.runners.ParentRunner.run(ParentRunner.java:363)
	at org.junit.extensions.cpsuite.ClasspathSuite.run(ClasspathSuite.java:211)
	at org.junit.runners.Suite.runChild(Suite.java:128)
	at org.junit.runners.Suite.runChild(Suite.java:27)
	at org.junit.runners.ParentRunner$3.run(ParentRunner.java:290)
	at org.junit.runners.ParentRunner$1.schedule(ParentRunner.java:71)
	at org.junit.runners.ParentRunner.runChildren(ParentRunner.java:288)
	at org.junit.runners.ParentRunner.access$000(ParentRunner.java:58)
	at org.junit.runners.ParentRunner$2.evaluate(ParentRunner.java:268)
	at org.junit.runners.ParentRunner.run(ParentRunner.java:363)
	at org.junit.runner.JUnitCore.run(JUnitCore.java:137)
	at com.intellij.junit4.JUnit4IdeaTestRunner.startRunnerWithArgs(JUnit4IdeaTestRunner.java:68)
	at com.intellij.rt.execution.junit.IdeaTestRunner$Repeater.startRunnerWithArgs(IdeaTestRunner.java:47)
	at com.intellij.rt.execution.junit.JUnitStarter.prepareStreamsAndStart(JUnitStarter.java:242)
	at com.intellij.rt.execution.junit.JUnitStarter.main(JUnitStarter.java:70)
java.lang.RuntimeException: The following necessary file is missing: C:\dev\SysNat\sources\sources\sysnat.test.runtime.environment\src\main\resources\execution_properties\execution.properties
	at com.iksgmbh.sysnat.ExecutionRuntimeInfo.addToSystemProperties(ExecutionRuntimeInfo.java:307)
	at com.iksgmbh.sysnat.ExecutionRuntimeInfo.&amp;lt;init&amp;gt;(ExecutionRuntimeInfo.java:121)
	at com.iksgmbh.sysnat.ExecutionRuntimeInfo.getInstance(ExecutionRuntimeInfo.java:113)
	at com.iksgmbh.sysnat.test.module_level.TestDataImport_ModuleLevelTest.testDataLoadingFromExcelFile(TestDataImport_ModuleLevelTest.java:131)
	at com.iksgmbh.sysnat.test.module_level.TestDataImport_ModuleLevelTest.loadsMultipleDatasetsFromExcelFile(TestDataImport_ModuleLevelTest.java:116)
	at sun.reflect.NativeMethodAccessorImpl.invoke0(Native Method)
	at sun.reflect.NativeMethodAccessorImpl.invoke(NativeMethodAccessorImpl.java:62)
	at sun.reflect.DelegatingMethodAccessorImpl.invoke(DelegatingMethodAccessorImpl.java:43)
	at java.lang.reflect.Method.invoke(Method.java:497)
	at org.junit.runners.model.FrameworkMethod$1.runReflectiveCall(FrameworkMethod.java:50)
	at org.junit.internal.runners.model.ReflectiveCallable.run(ReflectiveCallable.java:12)
	at org.junit.runners.model.FrameworkMethod.invokeExplosively(FrameworkMethod.java:47)
	at org.junit.internal.runners.statements.InvokeMethod.evaluate(InvokeMethod.java:17)
	at org.junit.internal.runners.statements.RunBefores.evaluate(RunBefores.java:26)
	at org.junit.runners.ParentRunner.runLeaf(ParentRunner.java:325)
	at org.junit.runners.BlockJUnit4ClassRunner.runChild(BlockJUnit4ClassRunner.java:78)
	at org.junit.runners.BlockJUnit4ClassRunner.runChild(BlockJUnit4ClassRunner.java:57)
	at org.junit.runners.ParentRunner$3.run(ParentRunner.java:290)
	at org.junit.runners.ParentRunner$1.schedule(ParentRunner.java:71)
	at org.junit.runners.ParentRunner.runChildren(ParentRunner.java:288)
	at org.junit.runners.ParentRunner.access$000(ParentRunner.java:58)
	at org.junit.runners.ParentRunner$2.evaluate(ParentRunner.java:268)
	at org.junit.runners.ParentRunner.run(ParentRunner.java:363)
	at org.junit.runners.Suite.runChild(Suite.java:128)
	at org.junit.runners.Suite.runChild(Suite.java:27)
	at org.junit.runners.ParentRunner$3.run(ParentRunner.java:290)
	at org.junit.runners.ParentRunner$1.schedule(ParentRunner.java:71)
	at org.junit.runners.ParentRunner.runChildren(ParentRunner.java:288)
	at org.junit.runners.ParentRunner.access$000(ParentRunner.java:58)
	at org.junit.runners.ParentRunner$2.evaluate(ParentRunner.java:268)
	at org.junit.runners.ParentRunner.run(ParentRunner.java:363)
	at org.junit.extensions.cpsuite.ClasspathSuite.run(ClasspathSuite.java:211)
	at org.junit.runners.Suite.runChild(Suite.java:128)
	at org.junit.runners.Suite.runChild(Suite.java:27)
	at org.junit.runners.ParentRunner$3.run(ParentRunner.java:290)
	at org.junit.runners.ParentRunner$1.schedule(ParentRunner.java:71)
	at org.junit.runners.ParentRunner.runChildren(ParentRunner.java:288)
	at org.junit.runners.ParentRunner.access$000(ParentRunner.java:58)
	at org.junit.runners.ParentRunner$2.evaluate(ParentRunner.java:268)
	at org.junit.runners.ParentRunner.run(ParentRunner.java:363)
	at org.junit.runner.JUnitCore.run(JUnitCore.java:137)
</output>
                <output type="stdout">Properties filename in use: C:\dev\SysNat\sources\sources/sysnat.test.runtime.environment/src/main/resources/execution_properties/execution.properties
</output>
                <output type="stderr">java.lang.RuntimeException: The following necessary file is missing: C:\dev\SysNat\sources\sources\sysnat.test.runtime.environment\src\main\resources\execution_properties\execution.properties
&#13;
	at com.iksgmbh.sysnat.ExecutionRuntimeInfo.addToSystemProperties(ExecutionRuntimeInfo.java:307)&#13;
	at com.iksgmbh.sysnat.ExecutionRuntimeInfo.&amp;lt;init&amp;gt;(ExecutionRuntimeInfo.java:121)&#13;
	at com.iksgmbh.sysnat.ExecutionRuntimeInfo.getInstance(ExecutionRuntimeInfo.java:113)&#13;
	at com.iksgmbh.sysnat.test.module_level.TestDataImport_ModuleLevelTest.loadsMultipleDatasetsFromDatFileSeries(TestDataImport_ModuleLevelTest.java:87)&#13;
	at sun.reflect.NativeMethodAccessorImpl.invoke0(Native Method)&#13;
	at sun.reflect.NativeMethodAccessorImpl.invoke(NativeMethodAccessorImpl.java:62)&#13;
	at sun.reflect.DelegatingMethodAccessorImpl.invoke(DelegatingMethodAccessorImpl.java:43)&#13;
	at java.lang.reflect.Method.invoke(Method.java:497)&#13;
	at org.junit.runners.model.FrameworkMethod$1.runReflectiveCall(FrameworkMethod.java:50)&#13;
	at org.junit.internal.runners.model.ReflectiveCallable.run(ReflectiveCallable.java:12)&#13;
	at org.junit.runners.model.FrameworkMethod.invokeExplosively(FrameworkMethod.java:47)&#13;
	at org.junit.internal.runners.statements.InvokeMethod.evaluate(InvokeMethod.java:17)&#13;
	at org.junit.internal.runners.statements.RunBefores.evaluate(RunBefores.java:26)&#13;
	at org.junit.runners.ParentRunner.runLeaf(ParentRunner.java:325)&#13;
	at org.junit.runners.BlockJUnit4ClassRunner.runChild(BlockJUnit4ClassRunner.java:78)&#13;
	at org.junit.runners.BlockJUnit4ClassRunner.runChild(BlockJUnit4ClassRunner.java:57)&#13;
	at org.junit.runners.ParentRunner$3.run(ParentRunner.java:290)&#13;
	at org.junit.runners.ParentRunner$1.schedule(ParentRunner.java:71)&#13;
	at org.junit.runners.ParentRunner.runChildren(ParentRunner.java:288)&#13;
	at org.junit.runners.ParentRunner.access$000(ParentRunner.java:58)&#13;
	at org.junit.runners.ParentRunner$2.evaluate(ParentRunner.java:268)&#13;
	at org.junit.runners.ParentRunner.run(ParentRunner.java:363)&#13;
	at org.junit.runners.Suite.runChild(Suite.java:128)&#13;
	at org.junit.runners.Suite.runChild(Suite.java:27)&#13;
	at org.junit.runners.ParentRunner$3.run(ParentRunner.java:290)&#13;
	at org.junit.runners.ParentRunner$1.schedule(ParentRunner.java:71)&#13;
	at org.junit.runners.ParentRunner.runChildren(ParentRunner.java:288)&#13;
	at org.junit.runners.ParentRunner.access$000(ParentRunner.java:58)&#13;
	at org.junit.runners.ParentRunner$2.evaluate(ParentRunner.java:268)&#13;
	at org.junit.runners.ParentRunner.run(ParentRunner.java:363)&#13;
	at org.junit.extensions.cpsuite.ClasspathSuite.run(ClasspathSuite.java:211)&#13;
	at org.junit.runners.Suite.runChild(Suite.java:128)&#13;
	at org.junit.runners.Suite.runChild(Suite.java:27)&#13;
	at org.junit.runners.ParentRunner$3.run(ParentRunner.java:290)&#13;
	at org.junit.runners.ParentRunner$1.schedule(ParentRunner.java:71)&#13;
	at org.junit.runners.ParentRunner.runChildren(ParentRunner.java:288)&#13;
	at org.junit.runners.ParentRunner.access$000(ParentRunner.java:58)&#13;
	at org.junit.runners.ParentRunner$2.evaluate(ParentRunner.java:268)&#13;
	at org.junit.runners.ParentRunner.run(ParentRunner.java:363)&#13;
	at org.junit.runner.JUnitCore.run(JUnitCore.java:137)&#13;
	at com.intellij.junit4.JUnit4IdeaTestRunner.startRunnerWithArgs(JUnit4IdeaTestRunner.java:68)&#13;
	at com.intellij.rt.execution.junit.IdeaTestRunner$Repeater.startRunnerWithArgs(IdeaTestRunner.java:47)&#13;
	at com.intellij.rt.execution.junit.JUnitStarter.prepareStreamsAndStart(JUnitStarter.java:242)&#13;
	at com.intellij.rt.execution.junit.JUnitStarter.main(JUnitStarter.java:70)&#13;
</output>
            </test>
            <test duration="0" locationUrl="java:test://com.iksgmbh.sysnat.test.module_level.TestDataImport_ModuleLevelTest/loadsMultipleDatasetsFromExcelFile" name="TestDataImport_ModuleLevelTest.loadsMultipleDatasetsFromExcelFile" status="error">
                <output type="stdout">SysNat v1.0.0 test environment initialisation...
Properties filename in use: C:\dev\SysNat\sources\sources/sysnat.test.runtime.environment/src/main/resources/execution_properties/execution.properties
</output>
                <output type="stderr">	at com.intellij.junit4.JUnit4IdeaTestRunner.startRunnerWithArgs(JUnit4IdeaTestRunner.java:68)
	at com.intellij.rt.execution.junit.IdeaTestRunner$Repeater.startRunnerWithArgs(IdeaTestRunner.java:47)
	at com.intellij.rt.execution.junit.JUnitStarter.prepareStreamsAndStart(JUnitStarter.java:242)
	at com.intellij.rt.execution.junit.JUnitStarter.main(JUnitStarter.java:70)
java.lang.RuntimeException: The following necessary file is missing: C:\dev\SysNat\sources\sources\sysnat.test.runtime.environment\src\main\resources\execution_properties\execution.properties
	at com.iksgmbh.sysnat.ExecutionRuntimeInfo.addToSystemProperties(ExecutionRuntimeInfo.java:307)
	at com.iksgmbh.sysnat.ExecutionRuntimeInfo.&amp;lt;init&amp;gt;(ExecutionRuntimeInfo.java:121)
	at com.iksgmbh.sysnat.ExecutionRuntimeInfo.getInstance(ExecutionRuntimeInfo.java:113)
	at com.iksgmbh.sysnat.test.module_level.TestDataImport_ModuleLevelTest.loadsMultipleDatasetsFromSingleDatFiles(TestDataImport_ModuleLevelTest.java:53)
	at sun.reflect.NativeMethodAccessorImpl.invoke0(Native Method)
	at sun.reflect.NativeMethodAccessorImpl.invoke(NativeMethodAccessorImpl.java:62)
	at sun.reflect.DelegatingMethodAccessorImpl.invoke(DelegatingMethodAccessorImpl.java:43)
	at java.lang.reflect.Method.invoke(Method.java:497)
	at org.junit.runners.model.FrameworkMethod$1.runReflectiveCall(FrameworkMethod.java:50)
	at org.junit.internal.runners.model.ReflectiveCallable.run(ReflectiveCallable.java:12)
	at org.junit.runners.model.FrameworkMethod.invokeExplosively(FrameworkMethod.java:47)
	at org.junit.internal.runners.statements.InvokeMethod.evaluate(InvokeMethod.java:17)
	at org.junit.internal.runners.statements.RunBefores.evaluate(RunBefores.java:26)
	at org.junit.runners.ParentRunner.runLeaf(ParentRunner.java:325)
	at org.junit.runners.BlockJUnit4ClassRunner.runChild(BlockJUnit4ClassRunner.java:78)
	at org.junit.runners.BlockJUnit4ClassRunner.runChild(BlockJUnit4ClassRunner.java:57)
	at org.junit.runners.ParentRunner$3.run(ParentRunner.java:290)
	at org.junit.runners.ParentRunner$1.schedule(ParentRunner.java:71)
	at org.junit.runners.ParentRunner.runChildren(ParentRunner.java:288)
	at org.junit.runners.ParentRunner.access$000(ParentRunner.java:58)
	at org.junit.runners.ParentRunner$2.evaluate(ParentRunner.java:268)
	at org.junit.runners.ParentRunner.run(ParentRunner.java:363)
	at org.junit.runners.Suite.runChild(Suite.java:128)
	at org.junit.runners.Suite.runChild(Suite.java:27)
	at org.junit.runners.ParentRunner$3.run(ParentRunner.java:290)
	at org.junit.runners.ParentRunner$1.schedule(ParentRunner.java:71)
	at org.junit.runners.ParentRunner.runChildren(ParentRunner.java:288)
	at org.junit.runners.ParentRunner.access$000(ParentRunner.java:58)
	at org.junit.runners.ParentRunner$2.evaluate(ParentRunner.java:268)
	at org.junit.runners.ParentRunner.run(ParentRunner.java:363)
	at org.junit.extensions.cpsuite.ClasspathSuite.run(ClasspathSuite.java:211)
	at org.junit.runners.Suite.runChild(Suite.java:128)
	at org.junit.runners.Suite.runChild(Suite.java:27)
	at org.junit.runners.ParentRunner$3.run(ParentRunner.java:290)
	at org.junit.runners.ParentRunner$1.schedule(ParentRunner.java:71)
	at org.junit.runners.ParentRunner.runChildren(ParentRunner.java:288)
	at org.junit.runners.ParentRunner.access$000(ParentRunner.java:58)
	at org.junit.runners.ParentRunner$2.evaluate(ParentRunner.java:268)
	at org.junit.runners.ParentRunner.run(ParentRunner.java:363)
	at org.junit.runner.JUnitCore.run(JUnitCore.java:137)
	at com.intellij.junit4.JUnit4IdeaTestRunner.startRunnerWithArgs(JUnit4IdeaTestRunner.java:68)
	at com.intellij.rt.execution.junit.IdeaTestRunner$Repeater.startRunnerWithArgs(IdeaTestRunner.java:47)
	at com.intellij.rt.execution.junit.JUnitStarter.prepareStreamsAndStart(JUnitStarter.java:242)
	at com.intellij.rt.execution.junit.JUnitStarter.main(JUnitStarter.java:70)
</output>
                <output type="stdout"/>
                <output type="stderr">java.lang.RuntimeException: The following necessary file is missing: C:\dev\SysNat\sources\sources\sysnat.test.runtime.environment\src\main\resources\execution_properties\execution.properties
	at com.iksgmbh.sysnat.ExecutionRuntimeInfo.addToSystemProperties(ExecutionRuntimeInfo.java:307)
	at com.iksgmbh.sysnat.ExecutionRuntimeInfo.&amp;lt;init&amp;gt;(ExecutionRuntimeInfo.java:121)
	at com.iksgmbh.sysnat.ExecutionRuntimeInfo.getInstance(ExecutionRuntimeInfo.java:113)
	at com.iksgmbh.sysnat.test.module_level.TestDataImport_ModuleLevelTest.testDataLoadingFromExcelFile(TestDataImport_ModuleLevelTest.java:131)
	at com.iksgmbh.sysnat.test.module_level.TestDataImport_ModuleLevelTest.loadsMultipleDatasetsFromRotatedExcelFile(TestDataImport_ModuleLevelTest.java:121)
	at sun.reflect.NativeMethodAccessorImpl.invoke0(Native Method)
	at sun.reflect.NativeMethodAccessorImpl.invoke(NativeMethodAccessorImpl.java:62)
	at sun.reflect.DelegatingMethodAccessorImpl.invoke(DelegatingMethodAccessorImpl.java:43)
	at java.lang.reflect.Method.invoke(Method.java:497)
	at org.junit.runners.model.FrameworkMethod$1.runReflectiveCall(FrameworkMethod.java:50)
	at org.junit.internal.runners.model.ReflectiveCallable.run(ReflectiveCallable.java:12)
	at org.junit.runners.model.FrameworkMethod.invokeExplosively(FrameworkMethod.java:47)
	at org.junit.internal.runners.statements.InvokeMethod.evaluate(InvokeMethod.java:17)
	at org.junit.internal.runners.statements.RunBefores.evaluate(RunBefores.java:26)
	at org.junit.runners.ParentRunner.runLeaf(ParentRunner.java:325)
	at org.junit.runners.BlockJUnit4ClassRunner.runChild(BlockJUnit4ClassRunner.java:78)
	at org.junit.runners.BlockJUnit4ClassRunner.runChild(BlockJUnit4ClassRunner.java:57)
	at org.junit.runners.ParentRunner$3.run(ParentRunner.java:290)
	at org.junit.runners.ParentRunner$1.schedule(ParentRunner.java:71)
	at org.junit.runners.ParentRunner.runChildren(ParentRunner.java:288)
	at org.junit.runners.ParentRunner.access$000(ParentRunner.java:58)
	at org.junit.runners.ParentRunner$2.evaluate(ParentRunner.java:268)
	at org.junit.runners.ParentRunner.run(ParentRunner.java:363)
	at org.junit.runners.Suite.runChild(Suite.java:128)
	at org.junit.runners.Suite.runChild(Suite.java:27)
	at org.junit.runners.ParentRunner$3.run(ParentRunner.java:290)
	at org.junit.runners.ParentRunner$1.schedule(ParentRunner.java:71)
	at org.junit.runners.ParentRunner.runChildren(ParentRunner.java:288)
	at org.junit.runners.ParentRunner.access$000(ParentRunner.java:58)
	at org.junit.runners.ParentRunner$2.evaluate(ParentRunner.java:268)
	at org.junit.runners.ParentRunner.run(ParentRunner.java:363)
</output>
                <output type="stdout"/>
                <output type="stderr">	at org.junit.extensions.cpsuite.ClasspathSuite.run(ClasspathSuite.java:211)
	at org.junit.runners.Suite.runChild(Suite.java:128)
java.lang.RuntimeException: The following necessary file is missing: C:\dev\SysNat\sources\sources\sysnat.test.runtime.environment\src\main\resources\execution_properties\execution.properties
&#13;
	at com.iksgmbh.sysnat.ExecutionRuntimeInfo.addToSystemProperties(ExecutionRuntimeInfo.java:307)&#13;
	at com.iksgmbh.sysnat.ExecutionRuntimeInfo.&amp;lt;init&amp;gt;(ExecutionRuntimeInfo.java:121)&#13;
	at com.iksgmbh.sysnat.ExecutionRuntimeInfo.getInstance(ExecutionRuntimeInfo.java:113)&#13;
	at com.iksgmbh.sysnat.test.module_level.TestDataImport_ModuleLevelTest.testDataLoadingFromExcelFile(TestDataImport_ModuleLevelTest.java:131)&#13;
	at com.iksgmbh.sysnat.test.module_level.TestDataImport_ModuleLevelTest.loadsMultipleDatasetsFromExcelFile(TestDataImport_ModuleLevelTest.java:116)&#13;
	at sun.reflect.NativeMethodAccessorImpl.invoke0(Native Method)&#13;
	at sun.reflect.NativeMethodAccessorImpl.invoke(NativeMethodAccessorImpl.java:62)&#13;
	at sun.reflect.DelegatingMethodAccessorImpl.invoke(DelegatingMethodAccessorImpl.java:43)&#13;
	at java.lang.reflect.Method.invoke(Method.java:497)&#13;
	at org.junit.runners.model.FrameworkMethod$1.runReflectiveCall(FrameworkMethod.java:50)&#13;
	at org.junit.internal.runners.model.ReflectiveCallable.run(ReflectiveCallable.java:12)&#13;
	at org.junit.runners.model.FrameworkMethod.invokeExplosively(FrameworkMethod.java:47)&#13;
	at org.junit.internal.runners.statements.InvokeMethod.evaluate(InvokeMethod.java:17)&#13;
	at org.junit.internal.runners.statements.RunBefores.evaluate(RunBefores.java:26)&#13;
	at org.junit.runners.ParentRunner.runLeaf(ParentRunner.java:325)&#13;
	at org.junit.runners.BlockJUnit4ClassRunner.runChild(BlockJUnit4ClassRunner.java:78)&#13;
	at org.junit.runners.BlockJUnit4ClassRunner.runChild(BlockJUnit4ClassRunner.java:57)&#13;
	at org.junit.runners.ParentRunner$3.run(ParentRunner.java:290)&#13;
	at org.junit.runners.ParentRunner$1.schedule(ParentRunner.java:71)&#13;
	at org.junit.runners.ParentRunner.runChildren(ParentRunner.java:288)&#13;
	at org.junit.runners.ParentRunner.access$000(ParentRunner.java:58)&#13;
	at org.junit.runners.ParentRunner$2.evaluate(ParentRunner.java:268)&#13;
	at org.junit.runners.ParentRunner.run(ParentRunner.java:363)&#13;
	at org.junit.runners.Suite.runChild(Suite.java:128)&#13;
	at org.junit.runners.Suite.runChild(Suite.java:27)&#13;
	at org.junit.runners.ParentRunner$3.run(ParentRunner.java:290)&#13;
	at org.junit.runners.ParentRunner$1.schedule(ParentRunner.java:71)&#13;
	at org.junit.runners.ParentRunner.runChildren(ParentRunner.java:288)&#13;
	at org.junit.runners.ParentRunner.access$000(ParentRunner.java:58)&#13;
	at org.junit.runners.ParentRunner$2.evaluate(ParentRunner.java:268)&#13;
	at org.junit.runners.ParentRunner.run(ParentRunner.java:363)&#13;
	at org.junit.extensions.cpsuite.ClasspathSuite.run(ClasspathSuite.java:211)&#13;
	at org.junit.runners.Suite.runChild(Suite.java:128)&#13;
	at org.junit.runners.Suite.runChild(Suite.java:27)&#13;
	at org.junit.runners.ParentRunner$3.run(ParentRunner.java:290)&#13;
	at org.junit.runners.ParentRunner$1.schedule(ParentRunner.java:71)&#13;
	at org.junit.runners.ParentRunner.runChildren(ParentRunner.java:288)&#13;
	at org.junit.runners.ParentRunner.access$000(ParentRunner.java:58)&#13;
	at org.junit.runners.ParentRunner$2.evaluate(ParentRunner.java:268)&#13;
	at org.junit.runners.ParentRunner.run(ParentRunner.java:363)&#13;
	at org.junit.runner.JUnitCore.run(JUnitCore.java:137)&#13;
	at com.intellij.junit4.JUnit4IdeaTestRunner.startRunnerWithArgs(JUnit4IdeaTestRunner.java:68)&#13;
	at com.intellij.rt.execution.junit.IdeaTestRunner$Repeater.startRunnerWithArgs(IdeaTestRunner.java:47)&#13;
	at com.intellij.rt.execution.junit.JUnitStarter.prepareStreamsAndStart(JUnitStarter.java:242)&#13;
	at com.intellij.rt.execution.junit.JUnitStarter.main(JUnitStarter.java:70)&#13;
</output>
            </test>
            <test duration="0" locationUrl="java:test://com.iksgmbh.sysnat.test.module_level.TestDataImport_ModuleLevelTest/loadsMultipleDatasetsFromSingleDatFiles" name="TestDataImport_ModuleLevelTest.loadsMultipleDatasetsFromSingleDatFiles" status="error">
                <output type="stdout">SysNat v1.0.0 test environment initialisation...
Properties filename in use: C:\dev\SysNat\sources\sources/sysnat.test.runtime.environment/src/main/resources/execution_properties/execution.properties
</output>
                <output type="stderr">java.lang.RuntimeException: The following necessary file is missing: C:\dev\SysNat\sources\sources\sysnat.test.runtime.environment\src\main\resources\execution_properties\execution.properties
&#13;
	at com.iksgmbh.sysnat.ExecutionRuntimeInfo.addToSystemProperties(ExecutionRuntimeInfo.java:307)&#13;
	at com.iksgmbh.sysnat.ExecutionRuntimeInfo.&amp;lt;init&amp;gt;(ExecutionRuntimeInfo.java:121)&#13;
	at com.iksgmbh.sysnat.ExecutionRuntimeInfo.getInstance(ExecutionRuntimeInfo.java:113)&#13;
	at com.iksgmbh.sysnat.test.module_level.TestDataImport_ModuleLevelTest.loadsMultipleDatasetsFromSingleDatFiles(TestDataImport_ModuleLevelTest.java:53)&#13;
	at sun.reflect.NativeMethodAccessorImpl.invoke0(Native Method)&#13;
	at sun.reflect.NativeMethodAccessorImpl.invoke(NativeMethodAccessorImpl.java:62)&#13;
	at sun.reflect.DelegatingMethodAccessorImpl.invoke(DelegatingMethodAccessorImpl.java:43)&#13;
	at java.lang.reflect.Method.invoke(Method.java:497)&#13;
	at org.junit.runners.model.FrameworkMethod$1.runReflectiveCall(FrameworkMethod.java:50)&#13;
	at org.junit.internal.runners.model.ReflectiveCallable.run(ReflectiveCallable.java:12)&#13;
	at org.junit.runners.model.FrameworkMethod.invokeExplosively(FrameworkMethod.java:47)&#13;
	at org.junit.internal.runners.statements.InvokeMethod.evaluate(InvokeMethod.java:17)&#13;
	at org.junit.internal.runners.statements.RunBefores.evaluate(RunBefores.java:26)&#13;
	at org.junit.runners.ParentRunner.runLeaf(ParentRunner.java:325)&#13;
	at org.junit.runners.BlockJUnit4ClassRunner.runChild(BlockJUnit4ClassRunner.java:78)&#13;
	at org.junit.runners.BlockJUnit4ClassRunner.runChild(BlockJUnit4ClassRunner.java:57)&#13;
	at org.junit.runners.ParentRunner$3.run(ParentRunner.java:290)&#13;
	at org.junit.runners.ParentRunner$1.schedule(ParentRunner.java:71)&#13;
	at org.junit.runners.ParentRunner.runChildren(ParentRunner.java:288)&#13;
	at org.junit.runners.ParentRunner.access$000(ParentRunner.java:58)&#13;
	at org.junit.runners.ParentRunner$2.evaluate(ParentRunner.java:268)&#13;
	at org.junit.runners.ParentRunner.run(ParentRunner.java:363)&#13;
	at org.junit.runners.Suite.runChild(Suite.java:128)&#13;
	at org.junit.runners.Suite.runChild(Suite.java:27)&#13;
	at org.junit.runners.ParentRunner$3.run(ParentRunner.java:290)&#13;
	at org.junit.runners.ParentRunner$1.schedule(ParentRunner.java:71)&#13;
	at org.junit.runners.ParentRunner.runChildren(ParentRunner.java:288)&#13;
	at org.junit.runners.ParentRunner.access$000(ParentRunner.java:58)&#13;
	at org.junit.runners.ParentRunner$2.evaluate(ParentRunner.java:268)&#13;
	at org.junit.runners.ParentRunner.run(ParentRunner.java:363)&#13;
	at org.junit.extensions.cpsuite.ClasspathSuite.run(ClasspathSuite.java:211)&#13;
	at org.junit.runners.Suite.runChild(Suite.java:128)&#13;
	at org.junit.runners.Suite.runChild(Suite.java:27)&#13;
	at org.junit.runners.ParentRunner$3.run(ParentRunner.java:290)&#13;
	at org.junit.runners.ParentRunner$1.schedule(ParentRunner.java:71)&#13;
	at org.junit.runners.ParentRunner.runChildren(ParentRunner.java:288)&#13;
	at org.junit.runners.ParentRunner.access$000(ParentRunner.java:58)&#13;
	at org.junit.runners.ParentRunner$2.evaluate(ParentRunner.java:268)&#13;
	at org.junit.runners.ParentRunner.run(ParentRunner.java:363)&#13;
	at org.junit.runner.JUnitCore.run(JUnitCore.java:137)&#13;
	at com.intellij.junit4.JUnit4IdeaTestRunner.startRunnerWithArgs(JUnit4IdeaTestRunner.java:68)&#13;
	at com.intellij.rt.execution.junit.IdeaTestRunner$Repeater.startRunnerWithArgs(IdeaTestRunner.java:47)&#13;
	at com.intellij.rt.execution.junit.JUnitStarter.prepareStreamsAndStart(JUnitStarter.java:242)&#13;
	at com.intellij.rt.execution.junit.JUnitStarter.main(JUnitStarter.java:70)&#13;
</output>
            </test>
            <test duration="16" locationUrl="java:test://com.iksgmbh.sysnat.test.module_level.TestDataImport_ModuleLevelTest/loadsMultipleDatasetsFromRotatedExcelFile" name="TestDataImport_ModuleLevelTest.loadsMultipleDatasetsFromRotatedExcelFile" status="error">
                <output type="stdout">SysNat v1.0.0 test environment initialisation...
Properties filename in use: C:\dev\SysNat\sources\sources/sysnat.test.runtime.environment/src/main/resources/execution_properties/execution.properties
</output>
                <output type="stderr">java.lang.RuntimeException: The following necessary file is missing: C:\dev\SysNat\sources\sources\sysnat.test.runtime.environment\src\main\resources\execution_properties\execution.properties
&#13;
	at com.iksgmbh.sysnat.ExecutionRuntimeInfo.addToSystemProperties(ExecutionRuntimeInfo.java:307)&#13;
	at com.iksgmbh.sysnat.ExecutionRuntimeInfo.&amp;lt;init&amp;gt;(ExecutionRuntimeInfo.java:121)&#13;
	at com.iksgmbh.sysnat.ExecutionRuntimeInfo.getInstance(ExecutionRuntimeInfo.java:113)&#13;
	at com.iksgmbh.sysnat.test.module_level.TestDataImport_ModuleLevelTest.testDataLoadingFromExcelFile(TestDataImport_ModuleLevelTest.java:131)&#13;
	at com.iksgmbh.sysnat.test.module_level.TestDataImport_ModuleLevelTest.loadsMultipleDatasetsFromRotatedExcelFile(TestDataImport_ModuleLevelTest.java:121)&#13;
	at sun.reflect.NativeMethodAccessorImpl.invoke0(Native Method)&#13;
	at sun.reflect.NativeMethodAccessorImpl.invoke(NativeMethodAccessorImpl.java:62)&#13;
	at sun.reflect.DelegatingMethodAccessorImpl.invoke(DelegatingMethodAccessorImpl.java:43)&#13;
	at java.lang.reflect.Method.invoke(Method.java:497)&#13;
	at org.junit.runners.model.FrameworkMethod$1.runReflectiveCall(FrameworkMethod.java:50)&#13;
	at org.junit.internal.runners.model.ReflectiveCallable.run(ReflectiveCallable.java:12)&#13;
	at org.junit.runners.model.FrameworkMethod.invokeExplosively(FrameworkMethod.java:47)&#13;
	at org.junit.internal.runners.statements.InvokeMethod.evaluate(InvokeMethod.java:17)&#13;
	at org.junit.internal.runners.statements.RunBefores.evaluate(RunBefores.java:26)&#13;
	at org.junit.runners.ParentRunner.runLeaf(ParentRunner.java:325)&#13;
	at org.junit.runners.BlockJUnit4ClassRunner.runChild(BlockJUnit4ClassRunner.java:78)&#13;
	at org.junit.runners.BlockJUnit4ClassRunner.runChild(BlockJUnit4ClassRunner.java:57)&#13;
	at org.junit.runners.ParentRunner$3.run(ParentRunner.java:290)&#13;
	at org.junit.runners.ParentRunner$1.schedule(ParentRunner.java:71)&#13;
	at org.junit.runners.ParentRunner.runChildren(ParentRunner.java:288)&#13;
	at org.junit.runners.ParentRunner.access$000(ParentRunner.java:58)&#13;
	at org.junit.runners.ParentRunner$2.evaluate(ParentRunner.java:268)&#13;
	at org.junit.runners.ParentRunner.run(ParentRunner.java:363)&#13;
	at org.junit.runners.Suite.runChild(Suite.java:128)&#13;
	at org.junit.runners.Suite.runChild(Suite.java:27)&#13;
	at org.junit.runners.ParentRunner$3.run(ParentRunner.java:290)&#13;
	at org.junit.runners.ParentRunner$1.schedule(ParentRunner.java:71)&#13;
	at org.junit.runners.ParentRunner.runChildren(ParentRunner.java:288)&#13;
	at org.junit.runners.ParentRunner.access$000(ParentRunner.java:58)&#13;
	at org.junit.runners.ParentRunner$2.evaluate(ParentRunner.java:268)&#13;
	at org.junit.runners.ParentRunner.run(ParentRunner.java:363)&#13;
	at org.junit.extensions.cpsuite.ClasspathSuite.run(ClasspathSuite.java:211)&#13;
	at org.junit.runners.Suite.runChild(Suite.java:128)&#13;
	at org.junit.runners.Suite.runChild(Suite.java:27)&#13;
	at org.junit.runners.ParentRunner$3.run(ParentRunner.java:290)&#13;
	at org.junit.runners.ParentRunner$1.schedule(ParentRunner.java:71)&#13;
	at org.junit.runners.ParentRunner.runChildren(ParentRunner.java:288)&#13;
	at org.junit.runners.ParentRunner.access$000(ParentRunner.java:58)&#13;
	at org.junit.runners.ParentRunner$2.evaluate(ParentRunner.java:268)&#13;
	at org.junit.runners.ParentRunner.run(ParentRunner.java:363)&#13;
	at org.junit.runner.JUnitCore.run(JUnitCore.java:137)&#13;
	at com.intellij.junit4.JUnit4IdeaTestRunner.startRunnerWithArgs(JUnit4IdeaTestRunner.java:68)&#13;
	at com.intellij.rt.execution.junit.IdeaTestRunner$Repeater.startRunnerWithArgs(IdeaTestRunner.java:47)&#13;
	at com.intellij.rt.execution.junit.JUnitStarter.prepareStreamsAndStart(JUnitStarter.java:242)&#13;
	at com.intellij.rt.execution.junit.JUnitStarter.main(JUnitStarter.java:70)&#13;
</output>
            </test>
        </suite>
        <suite duration="140" locationUrl="java:suite://com.iksgmbh.sysnat.test.module_level.TestExecution_ModuleLevelTest" name="TestExecution_ModuleLevelTest" status="error">
            <test duration="15" locationUrl="java:test://com.iksgmbh.sysnat.test.module_level.TestExecution_ModuleLevelTest/compilesAndExecutes_FakeTestCase_InTestExecutionDir" name="TestExecution_ModuleLevelTest.compilesAndExecutes_FakeTestCase_InTestExecutionDir" status="error">
                <output type="stdout">Nothing to delete. Directory &amp;#39;C:\dev\SysNat\sources\..\sysnat.test.execution\src\test\gen&amp;#39; does not exist.
</output>
                <output type="stderr">java.lang.RuntimeException: FileCopy: no such source file: C:\dev\SysNat\sources\..\sysnat.quality.assurance\src\test\resources\testdata\FakeTestApp\FakeTestCase.java
&#13;
	at com.iksgmbh.sysnat.common.utils.SysNatFileUtil.copyBinaryFile(SysNatFileUtil.java:555)&#13;
	at com.iksgmbh.sysnat.common.utils.SysNatFileUtil.copyBinaryFile(SysNatFileUtil.java:542)&#13;
	at com.iksgmbh.sysnat.test.module_level.TestExecution_ModuleLevelTest.createJavaSourceFileInExecutionDir(TestExecution_ModuleLevelTest.java:166)&#13;
	at com.iksgmbh.sysnat.test.module_level.TestExecution_ModuleLevelTest.compilesAndExecutes_FakeTestCase_InTestExecutionDir(TestExecution_ModuleLevelTest.java:67)&#13;
	at sun.reflect.NativeMethodAccessorImpl.invoke0(Native Method)&#13;
	at sun.reflect.NativeMethodAccessorImpl.invoke(NativeMethodAccessorImpl.java:62)&#13;
	at sun.reflect.DelegatingMethodAccessorImpl.invoke(DelegatingMethodAccessorImpl.java:43)&#13;
	at java.lang.reflect.Method.invoke(Method.java:497)&#13;
	at org.junit.runners.model.FrameworkMethod$1.runReflectiveCall(FrameworkMethod.java:50)&#13;
	at org.junit.internal.runners.model.ReflectiveCallable.run(ReflectiveCallable.java:12)&#13;
	at org.junit.runners.model.FrameworkMethod.invokeExplosively(FrameworkMethod.java:47)&#13;
	at org.junit.internal.runners.statements.InvokeMethod.evaluate(InvokeMethod.java:17)&#13;
	at org.junit.internal.runners.statements.RunBefores.evaluate(RunBefores.java:26)&#13;
	at org.junit.runners.ParentRunner.runLeaf(ParentRunner.java:325)&#13;
	at org.junit.runners.BlockJUnit4ClassRunner.runChild(BlockJUnit4ClassRunner.java:78)&#13;
	at org.junit.runners.BlockJUnit4ClassRunner.runChild(BlockJUnit4ClassRunner.java:57)&#13;
	at org.junit.runners.ParentRunner$3.run(ParentRunner.java:290)&#13;
	at org.junit.runners.ParentRunner$1.schedule(ParentRunner.java:71)&#13;
	at org.junit.runners.ParentRunner.runChildren(ParentRunner.java:288)&#13;
	at org.junit.runners.ParentRunner.access$000(ParentRunner.java:58)&#13;
	at org.junit.runners.ParentRunner$2.evaluate(ParentRunner.java:268)&#13;
	at org.junit.runners.ParentRunner.run(ParentRunner.java:363)&#13;
	at org.junit.runners.Suite.runChild(Suite.java:128)&#13;
	at org.junit.runners.Suite.runChild(Suite.java:27)&#13;
	at org.junit.runners.ParentRunner$3.run(ParentRunner.java:290)&#13;
	at org.junit.runners.ParentRunner$1.schedule(ParentRunner.java:71)&#13;
	at org.junit.runners.ParentRunner.runChildren(ParentRunner.java:288)&#13;
	at org.junit.runners.ParentRunner.access$000(ParentRunner.java:58)&#13;
	at org.junit.runners.ParentRunner$2.evaluate(ParentRunner.java:268)&#13;
	at org.junit.runners.ParentRunner.run(ParentRunner.java:363)&#13;
	at org.junit.extensions.cpsuite.ClasspathSuite.run(ClasspathSuite.java:211)&#13;
	at org.junit.runners.Suite.runChild(Suite.java:128)&#13;
	at org.junit.runners.Suite.runChild(Suite.java:27)&#13;
	at org.junit.runners.ParentRunner$3.run(ParentRunner.java:290)&#13;
	at org.junit.runners.ParentRunner$1.schedule(ParentRunner.java:71)&#13;
	at org.junit.runners.ParentRunner.runChildren(ParentRunner.java:288)&#13;
	at org.junit.runners.ParentRunner.access$000(ParentRunner.java:58)&#13;
	at org.junit.runners.ParentRunner$2.evaluate(ParentRunner.java:268)&#13;
	at org.junit.runners.ParentRunner.run(ParentRunner.java:363)&#13;
	at org.junit.runner.JUnitCore.run(JUnitCore.java:137)&#13;
	at com.intellij.junit4.JUnit4IdeaTestRunner.startRunnerWithArgs(JUnit4IdeaTestRunner.java:68)&#13;
	at com.intellij.rt.execution.junit.IdeaTestRunner$Repeater.startRunnerWithArgs(IdeaTestRunner.java:47)&#13;
	at com.intellij.rt.execution.junit.JUnitStarter.prepareStreamsAndStart(JUnitStarter.java:242)&#13;
	at com.intellij.rt.execution.junit.JUnitStarter.main(JUnitStarter.java:70)&#13;
</output>
            </test>
            <test duration="125" locationUrl="java:test://com.iksgmbh.sysnat.test.module_level.TestExecution_ModuleLevelTest/compilesAndExecutes_MiniTestCaseWithScript_InTestExecutionDir" name="TestExecution_ModuleLevelTest.compilesAndExecutes_MiniTestCaseWithScript_InTestExecutionDir" status="error">
                <output type="stdout"/>
                <output type="stderr">java.lang.RuntimeException: The following necessary file is missing: C:\dev\SysNat\sources\sources\sysnat.test.runtime.environment\src\main\resources\execution_properties\execution.properties
	at com.iksgmbh.sysnat.ExecutionRuntimeInfo.addToSystemProperties(ExecutionRuntimeInfo.java:307)
	at com.iksgmbh.sysnat.ExecutionRuntimeInfo.&amp;lt;init&amp;gt;(ExecutionRuntimeInfo.java:121)
	at com.iksgmbh.sysnat.GenerationRuntimeInfo.&amp;lt;init&amp;gt;(GenerationRuntimeInfo.java:41)
	at com.iksgmbh.sysnat.GenerationRuntimeInfo.getInstance(GenerationRuntimeInfo.java:35)
	at com.iksgmbh.sysnat.test.module_level.TestcaseGeneration_ModuleLevelTest.createsJUnitTestCaseForHomePageIKS(TestcaseGeneration_ModuleLevelTest.java:83)
	at sun.reflect.NativeMethodAccessorImpl.invoke0(Native Method)
	at sun.reflect.NativeMethodAccessorImpl.invoke(NativeMethodAccessorImpl.java:62)
	at sun.reflect.DelegatingMethodAccessorImpl.invoke(DelegatingMethodAccessorImpl.java:43)
	at java.lang.reflect.Method.invoke(Method.java:497)
	at org.junit.runners.model.FrameworkMethod$1.runReflectiveCall(FrameworkMethod.java:50)
	at org.junit.internal.runners.model.ReflectiveCallable.run(ReflectiveCallable.java:12)
	at org.junit.runners.model.FrameworkMethod.invokeExplosively(FrameworkMethod.java:47)
	at org.junit.internal.runners.statements.InvokeMethod.evaluate(InvokeMethod.java:17)
	at org.junit.internal.runners.statements.RunBefores.evaluate(RunBefores.java:26)
	at org.junit.runners.ParentRunner.runLeaf(ParentRunner.java:325)
	at org.junit.runners.BlockJUnit4ClassRunner.runChild(BlockJUnit4ClassRunner.java:78)
	at org.junit.runners.BlockJUnit4ClassRunner.runChild(BlockJUnit4ClassRunner.java:57)
	at org.junit.runners.ParentRunner$3.run(ParentRunner.java:290)
	at org.junit.runners.ParentRunner$1.schedule(ParentRunner.java:71)
	at org.junit.runners.ParentRunner.runChildren(ParentRunner.java:288)
	at org.junit.runners.ParentRunner.access$000(ParentRunner.java:58)
	at org.junit.runners.ParentRunner$2.evaluate(ParentRunner.java:268)
	at org.junit.runners.ParentRunner.run(ParentRunner.java:363)
	at org.junit.runners.Suite.runChild(Suite.java:128)
	at org.junit.runners.Suite.runChild(Suite.java:27)
	at org.junit.runners.ParentRunner$3.run(ParentRunner.java:290)
	at org.junit.runners.ParentRunner$1.schedule(ParentRunner.java:71)
	at org.junit.runners.ParentRunner.runChildren(ParentRunner.java:288)
	at org.junit.runners.ParentRunner.access$000(ParentRunner.java:58)
	at org.junit.runners.ParentRunner$2.evaluate(ParentRunner.java:268)
	at org.junit.runners.ParentRunner.run(ParentRunner.java:363)
	at org.junit.extensions.cpsuite.ClasspathSuite.run(ClasspathSuite.java:211)
	at org.junit.runners.Suite.runChild(Suite.java:128)
	at org.junit.runners.Suite.runChild(Suite.java:27)
	at org.junit.runners.ParentRunner$3.run(ParentRunner.java:290)
	at org.junit.runners.ParentRunner$1.schedule(ParentRunner.java:71)
	at org.junit.runners.ParentRunner.runChildren(ParentRunner.java:288)
	at org.junit.runners.ParentRunner.access$000(ParentRunner.java:58)
	at org.junit.runners.ParentRunner$2.evaluate(ParentRunner.java:268)
	at org.junit.runners.ParentRunner.run(ParentRunner.java:363)
	at org.junit.runner.JUnitCore.run(JUnitCore.java:137)
	at com.intellij.junit4.JUnit4IdeaTestRunner.startRunnerWithArgs(JUnit4IdeaTestRunner.java:68)
	at com.intellij.rt.execution.junit.IdeaTestRunner$Repeater.startRunnerWithArgs(IdeaTestRunner.java:47)
	at com.intellij.rt.execution.junit.JUnitStarter.prepareStreamsAndStart(JUnitStarter.java:242)
	at com.intellij.rt.execution.junit.JUnitStarter.main(JUnitStarter.java:70)
java.lang.RuntimeException: FileCopy: no such source file: C:\dev\SysNat\sources\..\sysnat.quality.assurance\src\test\resources\testdata\MiniTestApp\MiniTestCaseTest.java
&#13;
	at com.iksgmbh.sysnat.common.utils.SysNatFileUtil.copyBinaryFile(SysNatFileUtil.java:555)&#13;
	at com.iksgmbh.sysnat.common.utils.SysNatFileUtil.copyBinaryFile(SysNatFileUtil.java:542)&#13;
	at com.iksgmbh.sysnat.test.module_level.TestExecution_ModuleLevelTest.createJavaSourceFileInExecutionDir(TestExecution_ModuleLevelTest.java:166)&#13;
	at com.iksgmbh.sysnat.test.module_level.TestExecution_ModuleLevelTest.compilesAndExecutes_MiniTestCaseWithScript_InTestExecutionDir(TestExecution_ModuleLevelTest.java:96)&#13;
	at sun.reflect.NativeMethodAccessorImpl.invoke0(Native Method)&#13;
	at sun.reflect.NativeMethodAccessorImpl.invoke(NativeMethodAccessorImpl.java:62)&#13;
	at sun.reflect.DelegatingMethodAccessorImpl.invoke(DelegatingMethodAccessorImpl.java:43)&#13;
	at java.lang.reflect.Method.invoke(Method.java:497)&#13;
	at org.junit.runners.model.FrameworkMethod$1.runReflectiveCall(FrameworkMethod.java:50)&#13;
	at org.junit.internal.runners.model.ReflectiveCallable.run(ReflectiveCallable.java:12)&#13;
	at org.junit.runners.model.FrameworkMethod.invokeExplosively(FrameworkMethod.java:47)&#13;
	at org.junit.internal.runners.statements.InvokeMethod.evaluate(InvokeMethod.java:17)&#13;
	at org.junit.internal.runners.statements.RunBefores.evaluate(RunBefores.java:26)&#13;
	at org.junit.runners.ParentRunner.runLeaf(ParentRunner.java:325)&#13;
	at org.junit.runners.BlockJUnit4ClassRunner.runChild(BlockJUnit4ClassRunner.java:78)&#13;
	at org.junit.runners.BlockJUnit4ClassRunner.runChild(BlockJUnit4ClassRunner.java:57)&#13;
	at org.junit.runners.ParentRunner$3.run(ParentRunner.java:290)&#13;
	at org.junit.runners.ParentRunner$1.schedule(ParentRunner.java:71)&#13;
	at org.junit.runners.ParentRunner.runChildren(ParentRunner.java:288)&#13;
	at org.junit.runners.ParentRunner.access$000(ParentRunner.java:58)&#13;
	at org.junit.runners.ParentRunner$2.evaluate(ParentRunner.java:268)&#13;
	at org.junit.runners.ParentRunner.run(ParentRunner.java:363)&#13;
	at org.junit.runners.Suite.runChild(Suite.java:128)&#13;
	at org.junit.runners.Suite.runChild(Suite.java:27)&#13;
	at org.junit.runners.ParentRunner$3.run(ParentRunner.java:290)&#13;
	at org.junit.runners.ParentRunner$1.schedule(ParentRunner.java:71)&#13;
	at org.junit.runners.ParentRunner.runChildren(ParentRunner.java:288)&#13;
	at org.junit.runners.ParentRunner.access$000(ParentRunner.java:58)&#13;
	at org.junit.runners.ParentRunner$2.evaluate(ParentRunner.java:268)&#13;
	at org.junit.runners.ParentRunner.run(ParentRunner.java:363)&#13;
	at org.junit.extensions.cpsuite.ClasspathSuite.run(ClasspathSuite.java:211)&#13;
	at org.junit.runners.Suite.runChild(Suite.java:128)&#13;
	at org.junit.runners.Suite.runChild(Suite.java:27)&#13;
	at org.junit.runners.ParentRunner$3.run(ParentRunner.java:290)&#13;
	at org.junit.runners.ParentRunner$1.schedule(ParentRunner.java:71)&#13;
	at org.junit.runners.ParentRunner.runChildren(ParentRunner.java:288)&#13;
	at org.junit.runners.ParentRunner.access$000(ParentRunner.java:58)&#13;
	at org.junit.runners.ParentRunner$2.evaluate(ParentRunner.java:268)&#13;
	at org.junit.runners.ParentRunner.run(ParentRunner.java:363)&#13;
	at org.junit.runner.JUnitCore.run(JUnitCore.java:137)&#13;
	at com.intellij.junit4.JUnit4IdeaTestRunner.startRunnerWithArgs(JUnit4IdeaTestRunner.java:68)&#13;
	at com.intellij.rt.execution.junit.IdeaTestRunner$Repeater.startRunnerWithArgs(IdeaTestRunner.java:47)&#13;
	at com.intellij.rt.execution.junit.JUnitStarter.prepareStreamsAndStart(JUnitStarter.java:242)&#13;
	at com.intellij.rt.execution.junit.JUnitStarter.main(JUnitStarter.java:70)&#13;
</output>
            </test>
        </suite>
        <suite duration="140" locationUrl="java:suite://com.iksgmbh.sysnat.test.module_level.TestcaseGeneration_ModuleLevelTest" name="TestcaseGeneration_ModuleLevelTest" status="error">
            <test duration="62" locationUrl="java:test://com.iksgmbh.sysnat.test.module_level.TestcaseGeneration_ModuleLevelTest/createsJUnitTestCaseForHomePageIKS" name="TestcaseGeneration_ModuleLevelTest.createsJUnitTestCaseForHomePageIKS" status="error">
                <output type="stdout">Properties filename in use: C:\dev\SysNat\sources\sources/sysnat.test.runtime.environment/src/main/resources/execution_properties/execution.properties
</output>
                <output type="stderr">java.lang.RuntimeException: The following necessary file is missing: C:\dev\SysNat\sources\..\sysnat.quality.assurance\src\test\resources\testdata\ParameterizedTestApp\execution.properties
	at com.iksgmbh.sysnat.ExecutionRuntimeInfo.addToSystemProperties(ExecutionRuntimeInfo.java:307)
	at com.iksgmbh.sysnat.ExecutionRuntimeInfo.&amp;lt;init&amp;gt;(ExecutionRuntimeInfo.java:121)
	at com.iksgmbh.sysnat.GenerationRuntimeInfo.&amp;lt;init&amp;gt;(GenerationRuntimeInfo.java:41)
	at com.iksgmbh.sysnat.GenerationRuntimeInfo.getInstance(GenerationRuntimeInfo.java:35)
	at com.iksgmbh.sysnat.test.module_level.TestcaseGeneration_ModuleLevelTest.setTestProperties(TestcaseGeneration_ModuleLevelTest.java:246)
	at com.iksgmbh.sysnat.test.module_level.TestcaseGeneration_ModuleLevelTest.createsJavaFilesForParameterizedTest(TestcaseGeneration_ModuleLevelTest.java:202)
	at sun.reflect.NativeMethodAccessorImpl.invoke0(Native Method)
	at sun.reflect.NativeMethodAccessorImpl.invoke(NativeMethodAccessorImpl.java:62)
	at sun.reflect.DelegatingMethodAccessorImpl.invoke(DelegatingMethodAccessorImpl.java:43)
	at java.lang.reflect.Method.invoke(Method.java:497)
	at org.junit.runners.model.FrameworkMethod$1.runReflectiveCall(FrameworkMethod.java:50)
	at org.junit.internal.runners.model.ReflectiveCallable.run(ReflectiveCallable.java:12)
	at org.junit.runners.model.FrameworkMethod.invokeExplosively(FrameworkMethod.java:47)
	at org.junit.internal.runners.statements.InvokeMethod.evaluate(InvokeMethod.java:17)
	at org.junit.internal.runners.statements.RunBefores.evaluate(RunBefores.java:26)
	at org.junit.runners.ParentRunner.runLeaf(ParentRunner.java:325)
	at org.junit.runners.BlockJUnit4ClassRunner.runChild(BlockJUnit4ClassRunner.java:78)
	at org.junit.runners.BlockJUnit4ClassRunner.runChild(BlockJUnit4ClassRunner.java:57)
	at org.junit.runners.ParentRunner$3.run(ParentRunner.java:290)
	at org.junit.runners.ParentRunner$1.schedule(ParentRunner.java:71)
	at org.junit.runners.ParentRunner.runChildren(ParentRunner.java:288)
	at org.junit.runners.ParentRunner.access$000(ParentRunner.java:58)
	at org.junit.runners.ParentRunner$2.evaluate(ParentRunner.java:268)
	at org.junit.runners.ParentRunner.run(ParentRunner.java:363)
	at org.junit.runners.Suite.runChild(Suite.java:128)
	at org.junit.runners.Suite.runChild(Suite.java:27)
	at org.junit.runners.ParentRunner$3.run(ParentRunner.java:290)
	at org.junit.runners.ParentRunner$1.schedule(ParentRunner.java:71)
	at org.junit.runners.ParentRunner.runChildren(ParentRunner.java:288)
	at org.junit.runners.ParentRunner.access$000(ParentRunner.java:58)
	at org.junit.runners.ParentRunner$2.evaluate(ParentRunner.java:268)
	at org.junit.runners.ParentRunner.run(ParentRunner.java:363)
	at org.junit.extensions.cpsuite.ClasspathSuite.run(ClasspathSuite.java:211)
	at org.junit.runners.Suite.runChild(Suite.java:128)
	at org.junit.runners.Suite.runChild(Suite.java:27)
	at org.junit.runners.ParentRunner$3.run(ParentRunner.java:290)
	at org.junit.runners.ParentRunner$1.schedule(ParentRunner.java:71)
	at org.junit.runners.ParentRunner.runChildren(ParentRunner.java:288)
	at org.junit.runners.ParentRunner.access$000(ParentRunner.java:58)
	at org.junit.runners.ParentRunner$2.evaluate(ParentRunner.java:268)
	at org.junit.runners.ParentRunner.run(ParentRunner.java:363)
	at org.junit.runner.JUnitCore.run(JUnitCore.java:137)
	at com.intellij.junit4.JUnit4IdeaTestRunner.startRunnerWithArgs(JUnit4IdeaTestRunner.java:68)
	at com.intellij.rt.execution.junit.IdeaTestRunner$Repeater.startRunnerWithArgs(IdeaTestRunner.java:47)
	at com.intellij.rt.execution.junit.JUnitStarter.prepareStreamsAndStart(JUnitStarter.java:242)
	at com.intellij.rt.execution.junit.JUnitStarter.main(JUnitStarter.java:70)
java.lang.RuntimeException: The following necessary file is missing: C:\dev\SysNat\sources\sources\sysnat.test.runtime.environment\src\main\resources\execution_properties\execution.properties
&#13;
	at com.iksgmbh.sysnat.ExecutionRuntimeInfo.addToSystemProperties(ExecutionRuntimeInfo.java:307)&#13;
	at com.iksgmbh.sysnat.ExecutionRuntimeInfo.&amp;lt;init&amp;gt;(ExecutionRuntimeInfo.java:121)&#13;
	at com.iksgmbh.sysnat.GenerationRuntimeInfo.&amp;lt;init&amp;gt;(GenerationRuntimeInfo.java:41)&#13;
	at com.iksgmbh.sysnat.GenerationRuntimeInfo.getInstance(GenerationRuntimeInfo.java:35)&#13;
	at com.iksgmbh.sysnat.test.module_level.TestcaseGeneration_ModuleLevelTest.createsJUnitTestCaseForHomePageIKS(TestcaseGeneration_ModuleLevelTest.java:83)&#13;
	at sun.reflect.NativeMethodAccessorImpl.invoke0(Native Method)&#13;
	at sun.reflect.NativeMethodAccessorImpl.invoke(NativeMethodAccessorImpl.java:62)&#13;
	at sun.reflect.DelegatingMethodAccessorImpl.invoke(DelegatingMethodAccessorImpl.java:43)&#13;
	at java.lang.reflect.Method.invoke(Method.java:497)&#13;
	at org.junit.runners.model.FrameworkMethod$1.runReflectiveCall(FrameworkMethod.java:50)&#13;
	at org.junit.internal.runners.model.ReflectiveCallable.run(ReflectiveCallable.java:12)&#13;
	at org.junit.runners.model.FrameworkMethod.invokeExplosively(FrameworkMethod.java:47)&#13;
	at org.junit.internal.runners.statements.InvokeMethod.evaluate(InvokeMethod.java:17)&#13;
	at org.junit.internal.runners.statements.RunBefores.evaluate(RunBefores.java:26)&#13;
	at org.junit.runners.ParentRunner.runLeaf(ParentRunner.java:325)&#13;
	at org.junit.runners.BlockJUnit4ClassRunner.runChild(BlockJUnit4ClassRunner.java:78)&#13;
	at org.junit.runners.BlockJUnit4ClassRunner.runChild(BlockJUnit4ClassRunner.java:57)&#13;
	at org.junit.runners.ParentRunner$3.run(ParentRunner.java:290)&#13;
	at org.junit.runners.ParentRunner$1.schedule(ParentRunner.java:71)&#13;
	at org.junit.runners.ParentRunner.runChildren(ParentRunner.java:288)&#13;
	at org.junit.runners.ParentRunner.access$000(ParentRunner.java:58)&#13;
	at org.junit.runners.ParentRunner$2.evaluate(ParentRunner.java:268)&#13;
	at org.junit.runners.ParentRunner.run(ParentRunner.java:363)&#13;
	at org.junit.runners.Suite.runChild(Suite.java:128)&#13;
	at org.junit.runners.Suite.runChild(Suite.java:27)&#13;
	at org.junit.runners.ParentRunner$3.run(ParentRunner.java:290)&#13;
	at org.junit.runners.ParentRunner$1.schedule(ParentRunner.java:71)&#13;
	at org.junit.runners.ParentRunner.runChildren(ParentRunner.java:288)&#13;
	at org.junit.runners.ParentRunner.access$000(ParentRunner.java:58)&#13;
	at org.junit.runners.ParentRunner$2.evaluate(ParentRunner.java:268)&#13;
	at org.junit.runners.ParentRunner.run(ParentRunner.java:363)&#13;
	at org.junit.extensions.cpsuite.ClasspathSuite.run(ClasspathSuite.java:211)&#13;
	at org.junit.runners.Suite.runChild(Suite.java:128)&#13;
	at org.junit.runners.Suite.runChild(Suite.java:27)&#13;
	at org.junit.runners.ParentRunner$3.run(ParentRunner.java:290)&#13;
	at org.junit.runners.ParentRunner$1.schedule(ParentRunner.java:71)&#13;
	at org.junit.runners.ParentRunner.runChildren(ParentRunner.java:288)&#13;
	at org.junit.runners.ParentRunner.access$000(ParentRunner.java:58)&#13;
	at org.junit.runners.ParentRunner$2.evaluate(ParentRunner.java:268)&#13;
	at org.junit.runners.ParentRunner.run(ParentRunner.java:363)&#13;
	at org.junit.runner.JUnitCore.run(JUnitCore.java:137)&#13;
	at com.intellij.junit4.JUnit4IdeaTestRunner.startRunnerWithArgs(JUnit4IdeaTestRunner.java:68)&#13;
	at com.intellij.rt.execution.junit.IdeaTestRunner$Repeater.startRunnerWithArgs(IdeaTestRunner.java:47)&#13;
	at com.intellij.rt.execution.junit.JUnitStarter.prepareStreamsAndStart(JUnitStarter.java:242)&#13;
	at com.intellij.rt.execution.junit.JUnitStarter.main(JUnitStarter.java:70)&#13;
</output>
            </test>
            <test duration="0" locationUrl="java:test://com.iksgmbh.sysnat.test.module_level.TestcaseGeneration_ModuleLevelTest/createsJavaFilesForParameterizedTest" name="TestcaseGeneration_ModuleLevelTest.createsJavaFilesForParameterizedTest" status="error">
                <output type="stdout">Properties filename in use: C:\dev\SysNat\sources\../sysnat.quality.assurance/src/test/resources/testdata/ParameterizedTestApp/execution.properties
</output>
                <output type="stderr">java.lang.RuntimeException: The following necessary file is missing: C:\dev\SysNat\sources\..\sysnat.quality.assurance\src\test\resources\testdata\ParameterizedTestApp\execution.properties
&#13;
	at com.iksgmbh.sysnat.ExecutionRuntimeInfo.addToSystemProperties(ExecutionRuntimeInfo.java:307)&#13;
	at com.iksgmbh.sysnat.ExecutionRuntimeInfo.&amp;lt;init&amp;gt;(ExecutionRuntimeInfo.java:121)&#13;
	at com.iksgmbh.sysnat.GenerationRuntimeInfo.&amp;lt;init&amp;gt;(GenerationRuntimeInfo.java:41)&#13;
	at com.iksgmbh.sysnat.GenerationRuntimeInfo.getInstance(GenerationRuntimeInfo.java:35)&#13;
	at com.iksgmbh.sysnat.test.module_level.TestcaseGeneration_ModuleLevelTest.setTestProperties(TestcaseGeneration_ModuleLevelTest.java:246)&#13;
	at com.iksgmbh.sysnat.test.module_level.TestcaseGeneration_ModuleLevelTest.createsJavaFilesForParameterizedTest(TestcaseGeneration_ModuleLevelTest.java:202)&#13;
	at sun.reflect.NativeMethodAccessorImpl.invoke0(Native Method)&#13;
	at sun.reflect.NativeMethodAccessorImpl.invoke(NativeMethodAccessorImpl.java:62)&#13;
	at sun.reflect.DelegatingMethodAccessorImpl.invoke(DelegatingMethodAccessorImpl.java:43)&#13;
	at java.lang.reflect.Method.invoke(Method.java:497)&#13;
	at org.junit.runners.model.FrameworkMethod$1.runReflectiveCall(FrameworkMethod.java:50)&#13;
	at org.junit.internal.runners.model.ReflectiveCallable.run(ReflectiveCallable.java:12)&#13;
	at org.junit.runners.model.FrameworkMethod.invokeExplosively(FrameworkMethod.java:47)&#13;
	at org.junit.internal.runners.statements.InvokeMethod.evaluate(InvokeMethod.java:17)&#13;
	at org.junit.internal.runners.statements.RunBefores.evaluate(RunBefores.java:26)&#13;
	at org.junit.runners.ParentRunner.runLeaf(ParentRunner.java:325)&#13;
	at org.junit.runners.BlockJUnit4ClassRunner.runChild(BlockJUnit4ClassRunner.java:78)&#13;
	at org.junit.runners.BlockJUnit4ClassRunner.runChild(BlockJUnit4ClassRunner.java:57)&#13;
	at org.junit.runners.ParentRunner$3.run(ParentRunner.java:290)&#13;
	at org.junit.runners.ParentRunner$1.schedule(ParentRunner.java:71)&#13;
	at org.junit.runners.ParentRunner.runChildren(ParentRunner.java:288)&#13;
	at org.junit.runners.ParentRunner.access$000(ParentRunner.java:58)&#13;
	at org.junit.runners.ParentRunner$2.evaluate(ParentRunner.java:268)&#13;
	at org.junit.runners.ParentRunner.run(ParentRunner.java:363)&#13;
	at org.junit.runners.Suite.runChild(Suite.java:128)&#13;
	at org.junit.runners.Suite.runChild(Suite.java:27)&#13;
	at org.junit.runners.ParentRunner$3.run(ParentRunner.java:290)&#13;
	at org.junit.runners.ParentRunner$1.schedule(ParentRunner.java:71)&#13;
	at org.junit.runners.ParentRunner.runChildren(ParentRunner.java:288)&#13;
	at org.junit.runners.ParentRunner.access$000(ParentRunner.java:58)&#13;
	at org.junit.runners.ParentRunner$2.evaluate(ParentRunner.java:268)&#13;
	at org.junit.runners.ParentRunner.run(ParentRunner.java:363)&#13;
	at org.junit.extensions.cpsuite.ClasspathSuite.run(ClasspathSuite.java:211)&#13;
	at org.junit.runners.Suite.runChild(Suite.java:128)&#13;
	at org.junit.runners.Suite.runChild(Suite.java:27)&#13;
	at org.junit.runners.ParentRunner$3.run(ParentRunner.java:290)&#13;
	at org.junit.runners.ParentRunner$1.schedule(ParentRunner.java:71)&#13;
	at org.junit.runners.ParentRunner.runChildren(ParentRunner.java:288)&#13;
	at org.junit.runners.ParentRunner.access$000(ParentRunner.java:58)&#13;
	at org.junit.runners.ParentRunner$2.evaluate(ParentRunner.java:268)&#13;
	at org.junit.runners.ParentRunner.run(ParentRunner.java:363)&#13;
	at org.junit.runner.JUnitCore.run(JUnitCore.java:137)&#13;
	at com.intellij.junit4.JUnit4IdeaTestRunner.startRunnerWithArgs(JUnit4IdeaTestRunner.java:68)&#13;
	at com.intellij.rt.execution.junit.IdeaTestRunner$Repeater.startRunnerWithArgs(IdeaTestRunner.java:47)&#13;
	at com.intellij.rt.execution.junit.JUnitStarter.prepareStreamsAndStart(JUnitStarter.java:242)&#13;
	at com.intellij.rt.execution.junit.JUnitStarter.main(JUnitStarter.java:70)&#13;
</output>
            </test>
            <test duration="31" locationUrl="java:test://com.iksgmbh.sysnat.test.module_level.TestcaseGeneration_ModuleLevelTest/createsJavaFilesForHelloWorldSpringBoot" name="TestcaseGeneration_ModuleLevelTest.createsJavaFilesForHelloWorldSpringBoot" status="error">
                <output type="stdout">Properties filename in use: C:\dev\SysNat\sources\sources/sysnat.test.runtime.environment/src/main/resources/execution_properties/execution.properties
</output>
                <output type="stderr">java.lang.RuntimeException: The following necessary file is missing: C:\dev\SysNat\sources\sources\sysnat.test.runtime.environment\src\main\resources\execution_properties\execution.properties
&#13;
	at com.iksgmbh.sysnat.ExecutionRuntimeInfo.addToSystemProperties(ExecutionRuntimeInfo.java:307)&#13;
	at com.iksgmbh.sysnat.ExecutionRuntimeInfo.&amp;lt;init&amp;gt;(ExecutionRuntimeInfo.java:121)&#13;
	at com.iksgmbh.sysnat.GenerationRuntimeInfo.&amp;lt;init&amp;gt;(GenerationRuntimeInfo.java:41)&#13;
	at com.iksgmbh.sysnat.GenerationRuntimeInfo.getInstance(GenerationRuntimeInfo.java:35)&#13;
	at com.iksgmbh.sysnat.test.module_level.TestcaseGeneration_ModuleLevelTest.createsJavaFilesForHelloWorldSpringBoot(TestcaseGeneration_ModuleLevelTest.java:60)&#13;
	at sun.reflect.NativeMethodAccessorImpl.invoke0(Native Method)&#13;
	at sun.reflect.NativeMethodAccessorImpl.invoke(NativeMethodAccessorImpl.java:62)&#13;
	at sun.reflect.DelegatingMethodAccessorImpl.invoke(DelegatingMethodAccessorImpl.java:43)&#13;
	at java.lang.reflect.Method.invoke(Method.java:497)&#13;
	at org.junit.runners.model.FrameworkMethod$1.runReflectiveCall(FrameworkMethod.java:50)&#13;
	at org.junit.internal.runners.model.ReflectiveCallable.run(ReflectiveCallable.java:12)&#13;
	at org.junit.runners.model.FrameworkMethod.invokeExplosively(FrameworkMethod.java:47)&#13;
	at org.junit.internal.runners.statements.InvokeMethod.evaluate(InvokeMethod.java:17)&#13;
	at org.junit.internal.runners.statements.RunBefores.evaluate(RunBefores.java:26)&#13;
	at org.junit.runners.ParentRunner.runLeaf(ParentRunner.java:325)&#13;
	at org.junit.runners.BlockJUnit4ClassRunner.runChild(BlockJUnit4ClassRunner.java:78)&#13;
	at org.junit.runners.BlockJUnit4ClassRunner.runChild(BlockJUnit4ClassRunner.java:57)&#13;
	at org.junit.runners.ParentRunner$3.run(ParentRunner.java:290)&#13;
	at org.junit.runners.ParentRunner$1.schedule(ParentRunner.java:71)&#13;
	at org.junit.runners.ParentRunner.runChildren(ParentRunner.java:288)&#13;
	at org.junit.runners.ParentRunner.access$000(ParentRunner.java:58)&#13;
	at org.junit.runners.ParentRunner$2.evaluate(ParentRunner.java:268)&#13;
	at org.junit.runners.ParentRunner.run(ParentRunner.java:363)&#13;
	at org.junit.runners.Suite.runChild(Suite.java:128)&#13;
	at org.junit.runners.Suite.runChild(Suite.java:27)&#13;
	at org.junit.runners.ParentRunner$3.run(ParentRunner.java:290)&#13;
	at org.junit.runners.ParentRunner$1.schedule(ParentRunner.java:71)&#13;
	at org.junit.runners.ParentRunner.runChildren(ParentRunner.java:288)&#13;
	at org.junit.runners.ParentRunner.access$000(ParentRunner.java:58)&#13;
	at org.junit.runners.ParentRunner$2.evaluate(ParentRunner.java:268)&#13;
	at org.junit.runners.ParentRunner.run(ParentRunner.java:363)&#13;
	at org.junit.extensions.cpsuite.ClasspathSuite.run(ClasspathSuite.java:211)&#13;
	at org.junit.runners.Suite.runChild(Suite.java:128)&#13;
	at org.junit.runners.Suite.runChild(Suite.java:27)&#13;
	at org.junit.runners.ParentRunner$3.run(ParentRunner.java:290)&#13;
	at org.junit.runners.ParentRunner$1.schedule(ParentRunner.java:71)&#13;
	at org.junit.runners.ParentRunner.runChildren(ParentRunner.java:288)&#13;
	at org.junit.runners.ParentRunner.access$000(ParentRunner.java:58)&#13;
	at org.junit.runners.ParentRunner$2.evaluate(ParentRunner.java:268)&#13;
	at org.junit.runners.ParentRunner.run(ParentRunner.java:363)&#13;
	at org.junit.runner.JUnitCore.run(JUnitCore.java:137)&#13;
	at com.intellij.junit4.JUnit4IdeaTestRunner.startRunnerWithArgs(JUnit4IdeaTestRunner.java:68)&#13;
	at com.intellij.rt.execution.junit.IdeaTestRunner$Repeater.startRunnerWithArgs(IdeaTestRunner.java:47)&#13;
	at com.intellij.rt.execution.junit.JUnitStarter.prepareStreamsAndStart(JUnitStarter.java:242)&#13;
	at com.intellij.rt.execution.junit.JUnitStarter.main(JUnitStarter.java:70)&#13;
</output>
            </test>
            <test duration="0" locationUrl="java:test://com.iksgmbh.sysnat.test.module_level.TestcaseGeneration_ModuleLevelTest/createsScriptFileForHomePageIKS" name="TestcaseGeneration_ModuleLevelTest.createsScriptFileForHomePageIKS" status="ignored">
                <output type="stdout">Test ignored.
</output>
            </test>
            <test duration="47" locationUrl="java:test://com.iksgmbh.sysnat.test.module_level.TestcaseGeneration_ModuleLevelTest/createsEmptyTestCaseForFakeTestApp" name="TestcaseGeneration_ModuleLevelTest.createsEmptyTestCaseForFakeTestApp" status="error">
                <output type="stdout">Properties filename in use: C:\dev\SysNat\sources\../sysnat.quality.assurance/src/test/resources/testdata/FakeTestApp/execution.properties
</output>
                <output type="stderr">java.lang.RuntimeException: The following necessary file is missing: C:\dev\SysNat\sources\..\sysnat.quality.assurance\src\test\resources\testdata\FakeTestApp\execution.properties
	at com.iksgmbh.sysnat.ExecutionRuntimeInfo.addToSystemProperties(ExecutionRuntimeInfo.java:307)
	at com.iksgmbh.sysnat.ExecutionRuntimeInfo.&amp;lt;init&amp;gt;(ExecutionRuntimeInfo.java:121)
	at com.iksgmbh.sysnat.GenerationRuntimeInfo.&amp;lt;init&amp;gt;(GenerationRuntimeInfo.java:41)
	at com.iksgmbh.sysnat.GenerationRuntimeInfo.getInstance(GenerationRuntimeInfo.java:35)
	at com.iksgmbh.sysnat.test.module_level.TestcaseGeneration_ModuleLevelTest.setTestProperties(TestcaseGeneration_ModuleLevelTest.java:246)
	at com.iksgmbh.sysnat.test.module_level.TestcaseGeneration_ModuleLevelTest.prepareFakeTestApp(TestcaseGeneration_ModuleLevelTest.java:252)
	at com.iksgmbh.sysnat.test.module_level.TestcaseGeneration_ModuleLevelTest.createsTestCaseWithTestDataInstructionForSingleValues(TestcaseGeneration_ModuleLevelTest.java:167)
	at sun.reflect.NativeMethodAccessorImpl.invoke0(Native Method)
	at sun.reflect.NativeMethodAccessorImpl.invoke(NativeMethodAccessorImpl.java:62)
	at sun.reflect.DelegatingMethodAccessorImpl.invoke(DelegatingMethodAccessorImpl.java:43)
	at java.lang.reflect.Method.invoke(Method.java:497)
	at org.junit.runners.model.FrameworkMethod$1.runReflectiveCall(FrameworkMethod.java:50)
	at org.junit.internal.runners.model.ReflectiveCallable.run(ReflectiveCallable.java:12)
	at org.junit.runners.model.FrameworkMethod.invokeExplosively(FrameworkMethod.java:47)
	at org.junit.internal.runners.statements.InvokeMethod.evaluate(InvokeMethod.java:17)
	at org.junit.internal.runners.statements.RunBefores.evaluate(RunBefores.java:26)
	at org.junit.runners.ParentRunner.runLeaf(ParentRunner.java:325)
	at org.junit.runners.BlockJUnit4ClassRunner.runChild(BlockJUnit4ClassRunner.java:78)
	at org.junit.runners.BlockJUnit4ClassRunner.runChild(BlockJUnit4ClassRunner.java:57)
	at org.junit.runners.ParentRunner$3.run(ParentRunner.java:290)
	at org.junit.runners.ParentRunner$1.schedule(ParentRunner.java:71)
	at org.junit.runners.ParentRunner.runChildren(ParentRunner.java:288)
	at org.junit.runners.ParentRunner.access$000(ParentRunner.java:58)
	at org.junit.runners.ParentRunner$2.evaluate(ParentRunner.java:268)
	at org.junit.runners.ParentRunner.run(ParentRunner.java:363)
	at org.junit.runners.Suite.runChild(Suite.java:128)
	at org.junit.runners.Suite.runChild(Suite.java:27)
	at org.junit.runners.ParentRunner$3.run(ParentRunner.java:290)
	at org.junit.runners.ParentRunner$1.schedule(ParentRunner.java:71)
	at org.junit.runners.ParentRunner.runChildren(ParentRunner.java:288)
	at org.junit.runners.ParentRunner.access$000(ParentRunner.java:58)
	at org.junit.runners.ParentRunner$2.evaluate(ParentRunner.java:268)
	at org.junit.runners.ParentRunner.run(ParentRunner.java:363)
	at org.junit.extensions.cpsuite.ClasspathSuite.run(ClasspathSuite.java:211)
	at org.junit.runners.Suite.runChild(Suite.java:128)
	at org.junit.runners.Suite.runChild(Suite.java:27)
	at org.junit.runners.ParentRunner$3.run(ParentRunner.java:290)
	at org.junit.runners.ParentRunner$1.schedule(ParentRunner.java:71)
	at org.junit.runners.ParentRunner.runChildren(ParentRunner.java:288)
	at org.junit.runners.ParentRunner.access$000(ParentRunner.java:58)
	at org.junit.runners.ParentRunner$2.evaluate(ParentRunner.java:268)
	at org.junit.runners.ParentRunner.run(ParentRunner.java:363)
	at org.junit.runner.JUnitCore.run(JUnitCore.java:137)
	at com.intellij.junit4.JUnit4IdeaTestRunner.startRunnerWithArgs(JUnit4IdeaTestRunner.java:68)
	at com.intellij.rt.execution.junit.IdeaTestRunner$Repeater.startRunnerWithArgs(IdeaTestRunner.java:47)
	at com.intellij.rt.execution.junit.JUnitStarter.prepareStreamsAndStart(JUnitStarter.java:242)
	at com.intellij.rt.execution.junit.JUnitStarter.main(JUnitStarter.java:70)
java.lang.RuntimeException: The following necessary file is missing: C:\dev\SysNat\sources\..\sysnat.quality.assurance\src\test\resources\testdata\FakeTestApp\execution.properties
&#13;
	at com.iksgmbh.sysnat.ExecutionRuntimeInfo.addToSystemProperties(ExecutionRuntimeInfo.java:307)&#13;
	at com.iksgmbh.sysnat.ExecutionRuntimeInfo.&amp;lt;init&amp;gt;(ExecutionRuntimeInfo.java:121)&#13;
	at com.iksgmbh.sysnat.GenerationRuntimeInfo.&amp;lt;init&amp;gt;(GenerationRuntimeInfo.java:41)&#13;
	at com.iksgmbh.sysnat.GenerationRuntimeInfo.getInstance(GenerationRuntimeInfo.java:35)&#13;
	at com.iksgmbh.sysnat.test.module_level.TestcaseGeneration_ModuleLevelTest.setTestProperties(TestcaseGeneration_ModuleLevelTest.java:246)&#13;
	at com.iksgmbh.sysnat.test.module_level.TestcaseGeneration_ModuleLevelTest.prepareFakeTestApp(TestcaseGeneration_ModuleLevelTest.java:252)&#13;
	at com.iksgmbh.sysnat.test.module_level.TestcaseGeneration_ModuleLevelTest.createsEmptyTestCaseForFakeTestApp(TestcaseGeneration_ModuleLevelTest.java:146)&#13;
	at sun.reflect.NativeMethodAccessorImpl.invoke0(Native Method)&#13;
	at sun.reflect.NativeMethodAccessorImpl.invoke(NativeMethodAccessorImpl.java:62)&#13;
	at sun.reflect.DelegatingMethodAccessorImpl.invoke(DelegatingMethodAccessorImpl.java:43)&#13;
	at java.lang.reflect.Method.invoke(Method.java:497)&#13;
	at org.junit.runners.model.FrameworkMethod$1.runReflectiveCall(FrameworkMethod.java:50)&#13;
	at org.junit.internal.runners.model.ReflectiveCallable.run(ReflectiveCallable.java:12)&#13;
	at org.junit.runners.model.FrameworkMethod.invokeExplosively(FrameworkMethod.java:47)&#13;
	at org.junit.internal.runners.statements.InvokeMethod.evaluate(InvokeMethod.java:17)&#13;
	at org.junit.internal.runners.statements.RunBefores.evaluate(RunBefores.java:26)&#13;
	at org.junit.runners.ParentRunner.runLeaf(ParentRunner.java:325)&#13;
	at org.junit.runners.BlockJUnit4ClassRunner.runChild(BlockJUnit4ClassRunner.java:78)&#13;
	at org.junit.runners.BlockJUnit4ClassRunner.runChild(BlockJUnit4ClassRunner.java:57)&#13;
	at org.junit.runners.ParentRunner$3.run(ParentRunner.java:290)&#13;
	at org.junit.runners.ParentRunner$1.schedule(ParentRunner.java:71)&#13;
	at org.junit.runners.ParentRunner.runChildren(ParentRunner.java:288)&#13;
	at org.junit.runners.ParentRunner.access$000(ParentRunner.java:58)&#13;
	at org.junit.runners.ParentRunner$2.evaluate(ParentRunner.java:268)&#13;
	at org.junit.runners.ParentRunner.run(ParentRunner.java:363)&#13;
	at org.junit.runners.Suite.runChild(Suite.java:128)&#13;
	at org.junit.runners.Suite.runChild(Suite.java:27)&#13;
	at org.junit.runners.ParentRunner$3.run(ParentRunner.java:290)&#13;
	at org.junit.runners.ParentRunner$1.schedule(ParentRunner.java:71)&#13;
	at org.junit.runners.ParentRunner.runChildren(ParentRunner.java:288)&#13;
	at org.junit.runners.ParentRunner.access$000(ParentRunner.java:58)&#13;
	at org.junit.runners.ParentRunner$2.evaluate(ParentRunner.java:268)&#13;
	at org.junit.runners.ParentRunner.run(ParentRunner.java:363)&#13;
	at org.junit.extensions.cpsuite.ClasspathSuite.run(ClasspathSuite.java:211)&#13;
	at org.junit.runners.Suite.runChild(Suite.java:128)&#13;
	at org.junit.runners.Suite.runChild(Suite.java:27)&#13;
	at org.junit.runners.ParentRunner$3.run(ParentRunner.java:290)&#13;
	at org.junit.runners.ParentRunner$1.schedule(ParentRunner.java:71)&#13;
	at org.junit.runners.ParentRunner.runChildren(ParentRunner.java:288)&#13;
	at org.junit.runners.ParentRunner.access$000(ParentRunner.java:58)&#13;
	at org.junit.runners.ParentRunner$2.evaluate(ParentRunner.java:268)&#13;
	at org.junit.runners.ParentRunner.run(ParentRunner.java:363)&#13;
	at org.junit.runner.JUnitCore.run(JUnitCore.java:137)&#13;
	at com.intellij.junit4.JUnit4IdeaTestRunner.startRunnerWithArgs(JUnit4IdeaTestRunner.java:68)&#13;
	at com.intellij.rt.execution.junit.IdeaTestRunner$Repeater.startRunnerWithArgs(IdeaTestRunner.java:47)&#13;
	at com.intellij.rt.execution.junit.JUnitStarter.prepareStreamsAndStart(JUnitStarter.java:242)&#13;
	at com.intellij.rt.execution.junit.JUnitStarter.main(JUnitStarter.java:70)&#13;
</output>
            </test>
            <test duration="0" locationUrl="java:test://com.iksgmbh.sysnat.test.module_level.TestcaseGeneration_ModuleLevelTest/createsTestCaseWithTestDataInstructionForSingleValues" name="TestcaseGeneration_ModuleLevelTest.createsTestCaseWithTestDataInstructionForSingleValues" status="error">
                <output type="stdout">Properties filename in use: C:\dev\SysNat\sources\../sysnat.quality.assurance/src/test/resources/testdata/FakeTestApp/execution.properties
</output>
                <output type="stderr">java.lang.RuntimeException: The following necessary file is missing: C:\dev\SysNat\sources\..\sysnat.quality.assurance\src\test\resources\testdata\FakeTestApp\execution.properties
&#13;
	at com.iksgmbh.sysnat.ExecutionRuntimeInfo.addToSystemProperties(ExecutionRuntimeInfo.java:307)&#13;
	at com.iksgmbh.sysnat.ExecutionRuntimeInfo.&amp;lt;init&amp;gt;(ExecutionRuntimeInfo.java:121)&#13;
	at com.iksgmbh.sysnat.GenerationRuntimeInfo.&amp;lt;init&amp;gt;(GenerationRuntimeInfo.java:41)&#13;
	at com.iksgmbh.sysnat.GenerationRuntimeInfo.getInstance(GenerationRuntimeInfo.java:35)&#13;
	at com.iksgmbh.sysnat.test.module_level.TestcaseGeneration_ModuleLevelTest.setTestProperties(TestcaseGeneration_ModuleLevelTest.java:246)&#13;
	at com.iksgmbh.sysnat.test.module_level.TestcaseGeneration_ModuleLevelTest.prepareFakeTestApp(TestcaseGeneration_ModuleLevelTest.java:252)&#13;
	at com.iksgmbh.sysnat.test.module_level.TestcaseGeneration_ModuleLevelTest.createsTestCaseWithTestDataInstructionForSingleValues(TestcaseGeneration_ModuleLevelTest.java:167)&#13;
	at sun.reflect.NativeMethodAccessorImpl.invoke0(Native Method)&#13;
	at sun.reflect.NativeMethodAccessorImpl.invoke(NativeMethodAccessorImpl.java:62)&#13;
	at sun.reflect.DelegatingMethodAccessorImpl.invoke(DelegatingMethodAccessorImpl.java:43)&#13;
	at java.lang.reflect.Method.invoke(Method.java:497)&#13;
	at org.junit.runners.model.FrameworkMethod$1.runReflectiveCall(FrameworkMethod.java:50)&#13;
	at org.junit.internal.runners.model.ReflectiveCallable.run(ReflectiveCallable.java:12)&#13;
	at org.junit.runners.model.FrameworkMethod.invokeExplosively(FrameworkMethod.java:47)&#13;
	at org.junit.internal.runners.statements.InvokeMethod.evaluate(InvokeMethod.java:17)&#13;
	at org.junit.internal.runners.statements.RunBefores.evaluate(RunBefores.java:26)&#13;
	at org.junit.runners.ParentRunner.runLeaf(ParentRunner.java:325)&#13;
	at org.junit.runners.BlockJUnit4ClassRunner.runChild(BlockJUnit4ClassRunner.java:78)&#13;
	at org.junit.runners.BlockJUnit4ClassRunner.runChild(BlockJUnit4ClassRunner.java:57)&#13;
	at org.junit.runners.ParentRunner$3.run(ParentRunner.java:290)&#13;
	at org.junit.runners.ParentRunner$1.schedule(ParentRunner.java:71)&#13;
	at org.junit.runners.ParentRunner.runChildren(ParentRunner.java:288)&#13;
	at org.junit.runners.ParentRunner.access$000(ParentRunner.java:58)&#13;
	at org.junit.runners.ParentRunner$2.evaluate(ParentRunner.java:268)&#13;
	at org.junit.runners.ParentRunner.run(ParentRunner.java:363)&#13;
	at org.junit.runners.Suite.runChild(Suite.java:128)&#13;
	at org.junit.runners.Suite.runChild(Suite.java:27)&#13;
	at org.junit.runners.ParentRunner$3.run(ParentRunner.java:290)&#13;
	at org.junit.runners.ParentRunner$1.schedule(ParentRunner.java:71)&#13;
	at org.junit.runners.ParentRunner.runChildren(ParentRunner.java:288)&#13;
	at org.junit.runners.ParentRunner.access$000(ParentRunner.java:58)&#13;
	at org.junit.runners.ParentRunner$2.evaluate(ParentRunner.java:268)&#13;
	at org.junit.runners.ParentRunner.run(ParentRunner.java:363)&#13;
	at org.junit.extensions.cpsuite.ClasspathSuite.run(ClasspathSuite.java:211)&#13;
	at org.junit.runners.Suite.runChild(Suite.java:128)&#13;
	at org.junit.runners.Suite.runChild(Suite.java:27)&#13;
	at org.junit.runners.ParentRunner$3.run(ParentRunner.java:290)&#13;
	at org.junit.runners.ParentRunner$1.schedule(ParentRunner.java:71)&#13;
	at org.junit.runners.ParentRunner.runChildren(ParentRunner.java:288)&#13;
	at org.junit.runners.ParentRunner.access$000(ParentRunner.java:58)&#13;
	at org.junit.runners.ParentRunner$2.evaluate(ParentRunner.java:268)&#13;
	at org.junit.runners.ParentRunner.run(ParentRunner.java:363)&#13;
	at org.junit.runner.JUnitCore.run(JUnitCore.java:137)&#13;
	at com.intellij.junit4.JUnit4IdeaTestRunner.startRunnerWithArgs(JUnit4IdeaTestRunner.java:68)&#13;
	at com.intellij.rt.execution.junit.IdeaTestRunner$Repeater.startRunnerWithArgs(IdeaTestRunner.java:47)&#13;
	at com.intellij.rt.execution.junit.JUnitStarter.prepareStreamsAndStart(JUnitStarter.java:242)&#13;
	at com.intellij.rt.execution.junit.JUnitStarter.main(JUnitStarter.java:70)&#13;
</output>
            </test>
        </suite>
    </suite>
</testrun>
